Workbook

Sheet Start
A1: Kursmappe (Oberstufe) · Vorlage v15.2
B3: SCHNELL ZU DEN BLÄTTERN:
B4: =HYPERLINK("#'Klassenliste'!A1","Klassenliste") | C4: =HYPERLINK("#'Sitzplan'!A1","Sitzplan") | D4: =HYPERLINK("#'Anw 1.HJ'!A1","Anw 1.HJ") | E4: =HYPERLINK("#'Mat 1.HJ'!A1","Mat 1.HJ")
B5: =HYPERLINK("#'Noten 1.HJ'!A1","Noten 1.HJ") | C5: =HYPERLINK("#'Anw 2.HJ'!A1","Anw 2.HJ") | D5: =HYPERLINK("#'Mat 2.HJ'!A1","Mat 2.HJ") | E5: =HYPERLINK("#'Noten 2.HJ'!A1","Noten 2.HJ")
B6: =HYPERLINK("#'Verspätung'!A1","Verspätung") | C6: =HYPERLINK("#'KA1'!A1","KA1") | D6: =HYPERLINK("#'KA2'!A1","KA2") | E6: =HYPERLINK("#'KA3'!A1","KA3")
B7: =HYPERLINK("#'KA4'!A1","KA4") | C7: =HYPERLINK("#'KA5'!A1","KA5") | D7: =HYPERLINK("#'KA6'!A1","KA6") | E7: =HYPERLINK("#'Notentabelle'!A1","Notentabelle")
B8: =HYPERLINK("#'Rückmeldebogen'!A1","Rückmeldebogen")
B10: NEUES SCHULJAHR IN 3 SCHRITTEN:
B11: 1. Diese Datei kopieren und umbenennen, z. B. "Klassenmappe 5b 2026-27.xlsx".
B12: 2. Blatt "Klassenliste": Kopfzeile und Namen eintragen.
B13: 3. Fertig. Alle anderen Blätter füllen sich selbst aus der Klassenliste.
B15: SCHÜLERZAHL:
B16: • Platz für bis zu 35 Schüler/innen. Weniger? Einfach weniger Namen eintragen —
B17: leere Zeilen blenden sich auf allen Blättern automatisch aus.
B18: • Zeilen NIE löschen oder einfügen — zum Entfernen den Namen leeren.
B20: SORTIEREN & REIHENFOLGE:
B21: • Die Zeilen-Reihenfolge der Klassenliste ist die Identität: alle Einträge auf den anderen
B22: Blättern hängen an der Zeilennummer. Darum hat die Klassenliste eine SORTIER-AMPEL (Zeile 4):
B23: • GRÜN = andere Blätter noch leer: B6:D40 markieren → Daten → Sortieren — gefahrlos,
... B63: Vorlage v15.2 · 2026-09-30 · Notengrenzen = amtliche Zentralabitur-Tabelle NRW

Sheet Klassenliste
A1: Kursliste | L1: =HYPERLINK("#Start!A1","⌂")
B2: Schuljahr: | D2: Kurs: | F2: Lehrkraft: | I2: Fach:
B3: leere Zeilen blenden sich automatisch aus · Neuzugänge unten anhängen (wie im Papier-Klassenbuch)
B4: =IF($AA$4=0,"✓ Sortieren möglich — B6:D40 markieren","✗ Nicht sortieren — "&$AA$4&" Einträge") | E4: 1. Halbjahr | G4: 2. Halbjahr | I4: Fehlzeiten (FS · davon uE) | AA4: =COUNTA(KA1!$D$8:$O$42)+COUNTA(KA2!$D$8:$O$42)+COUNTA(KA3!$D$8:$O$42)+COUNTA(KA4!$D$8:$O$42)+COUNTA(KA5!$D$8:$O$42)+COUNTA(KA6!$D$8:$O$42)+COUNTA('Noten 1.HJ'!$J$7:$O$41)+COUNTA('Noten 1.HJ'!$T$7:$Y$41)+COUNTA('Anw 1.HJ'!$F$6:$AI$40)+COUNTA('Mat 1.HJ'!$G$6:$AJ$40)+COUNTA('Noten 2.HJ'!$J$7:$O$41)+COUNTA('Noten 2.HJ'!$T$7:$Y$41)+COUNTA('Anw 2.HJ'!$F$6:$AI$40)+COUNTA('Mat 2.HJ'!$G$6:$AJ$40)+COUNTA('Verspätung'!$F$6:$AS$40)+COUNTA(Sitzplan!$B$4:$M$14)
A5: Nr | B5: Name | C5: Vorname | D5: Notiz | E5: Pkt | F5: Note | G5: Pkt | H5: Note | I5: 1.HJ | J5: uE | K5: 2.HJ | L5: uE
A6: 1 | E6: =IF($B6="","",INDEX('Noten 1.HJ'!$AA$7:$AA$41,$A6)) | F6: =IF($B6="","",INDEX('Noten 1.HJ'!$AB$7:$AB$41,$A6)) | G6: =IF($B6="","",INDEX('Noten 2.HJ'!$AA$7:$AA$41,$A6)) | H6: =IF($B6="","",INDEX('Noten 2.HJ'!$AB$7:$AB$41,$A6)) | I6: =IF($B6="","",INDEX('Anw 1.HJ'!$D$6:$D$40,$A6)) | J6: =IF($B6="","",INDEX('Anw 1.HJ'!$E$6:$E$40,$A6)) | K6: =IF($B6="","",INDEX('Anw 2.HJ'!$D$6:$D$40,$A6)) | L6: =IF($B6="","",INDEX('Anw 2.HJ'!$E$6:$E$40,$A6))
A7: 2 | E7: =IF($B7="","",INDEX('Noten 1.HJ'!$AA$7:$AA$41,$A7)) | F7: =IF($B7="","",INDEX('Noten 1.HJ'!$AB$7:$AB$41,$A7)) | G7: =IF($B7="","",INDEX('Noten 2.HJ'!$AA$7:$AA$41,$A7)) | H7: =IF($B7="","",INDEX('Noten 2.HJ'!$AB$7:$AB$41,$A7)) | I7: =IF($B7="","",INDEX('Anw 1.HJ'!$D$6:$D$40,$A7)) | J7: =IF($B7="","",INDEX('Anw 1.HJ'!$E$6:$E$40,$A7)) | K7: =IF($B7="","",INDEX('Anw 2.HJ'!$D$6:$D$40,$A7)) | L7: =IF($B7="","",INDEX('Anw 2.HJ'!$E$6:$E$40,$A7))
A8: 3 | E8: =IF($B8="","",INDEX('Noten 1.HJ'!$AA$7:$AA$41,$A8)) | F8: =IF($B8="","",INDEX('Noten 1.HJ'!$AB$7:$AB$41,$A8)) | G8: =IF($B8="","",INDEX('Noten 2.HJ'!$AA$7:$AA$41,$A8)) | H8: =IF($B8="","",INDEX('Noten 2.HJ'!$AB$7:$AB$41,$A8)) | I8: =IF($B8="","",INDEX('Anw 1.HJ'!$D$6:$D$40,$A8)) | J8: =IF($B8="","",INDEX('Anw 1.HJ'!$E$6:$E$40,$A8)) | K8: =IF($B8="","",INDEX('Anw 2.HJ'!$D$6:$D$40,$A8)) | L8: =IF($B8="","",INDEX('Anw 2.HJ'!$E$6:$E$40,$A8))
A9: 4 | E9: =IF($B9="","",INDEX('Noten 1.HJ'!$AA$7:$AA$41,$A9)) | F9: =IF($B9="","",INDEX('Noten 1.HJ'!$AB$7:$AB$41,$A9)) | G9: =IF($B9="","",INDEX('Noten 2.HJ'!$AA$7:$AA$41,$A9)) | H9: =IF($B9="","",INDEX('Noten 2.HJ'!$AB$7:$AB$41,$A9)) | I9: =IF($B9="","",INDEX('Anw 1.HJ'!$D$6:$D$40,$A9)) | J9: =IF($B9="","",INDEX('Anw 1.HJ'!$E$6:$E$40,$A9)) | K9: =IF($B9="","",INDEX('Anw 2.HJ'!$D$6:$D$40,$A9)) | L9: =IF($B9="","",INDEX('Anw 2.HJ'!$E$6:$E$40,$A9))
A10: 5 | E10: =IF($B10="","",INDEX('Noten 1.HJ'!$AA$7:$AA$41,$A10)) | F10: =IF($B10="","",INDEX('Noten 1.HJ'!$AB$7:$AB$41,$A10)) | G10: =IF($B10="","",INDEX('Noten 2.HJ'!$AA$7:$AA$41,$A10)) | H10: =IF($B10="","",INDEX('Noten 2.HJ'!$AB$7:$AB$41,$A10)) | I10: =IF($B10="","",INDEX('Anw 1.HJ'!$D$6:$D$40,$A10)) | J10: =IF($B10="","",INDEX('Anw 1.HJ'!$E$6:$E$40,$A10)) | K10: =IF($B10="","",INDEX('Anw 2.HJ'!$D$6:$D$40,$A10)) | L10: =IF($B10="","",INDEX('Anw 2.HJ'!$E$6:$E$40,$A10))
A11: 6 | E11: =IF($B11="","",INDEX('Noten 1.HJ'!$AA$7:$AA$41,$A11)) | F11: =IF($B11="","",INDEX('Noten 1.HJ'!$AB$7:$AB$41,$A11)) | G11: =IF($B11="","",INDEX('Noten 2.HJ'!$AA$7:$AA$41,$A11)) | H11: =IF($B11="","",INDEX('Noten 2.HJ'!$AB$7:$AB$41,$A11)) | I11: =IF($B11="","",INDEX('Anw 1.HJ'!$D$6:$D$40,$A11)) | J11: =IF($B11="","",INDEX('Anw 1.HJ'!$E$6:$E$40,$A11)) | K11: =IF($B11="","",INDEX('Anw 2.HJ'!$D$6:$D$40,$A11)) | L11: =IF($B11="","",INDEX('Anw 2.HJ'!$E$6:$E$40,$A11))
A12: 7 | E12: =IF($B12="","",INDEX('Noten 1.HJ'!$AA$7:$AA$41,$A12)) | F12: =IF($B12="","",INDEX('Noten 1.HJ'!$AB$7:$AB$41,$A12)) | G12: =IF($B12="","",INDEX('Noten 2.HJ'!$AA$7:$AA$41,$A12)) | H12: =IF($B12="","",INDEX('Noten 2.HJ'!$AB$7:$AB$41,$A12)) | I12: =IF($B12="","",INDEX('Anw 1.HJ'!$D$6:$D$40,$A12)) | J12: =IF($B12="","",INDEX('Anw 1.HJ'!$E$6:$E$40,$A12)) | K12: =IF($B12="","",INDEX('Anw 2.HJ'!$D$6:$D$40,$A12)) | L12: =IF($B12="","",INDEX('Anw 2.HJ'!$E$6:$E$40,$A12))
A13: 8 | E13: =IF($B13="","",INDEX('Noten 1.HJ'!$AA$7:$AA$41,$A13)) | F13: =IF($B13="","",INDEX('Noten 1.HJ'!$AB$7:$AB$41,$A13)) | G13: =IF($B13="","",INDEX('Noten 2.HJ'!$AA$7:$AA$41,$A13)) | H13: =IF($B13="","",INDEX('Noten 2.HJ'!$AB$7:$AB$41,$A13)) | I13: =IF($B13="","",INDEX('Anw 1.HJ'!$D$6:$D$40,$A13)) | J13: =IF($B13="","",INDEX('Anw 1.HJ'!$E$6:$E$40,$A13)) | K13: =IF($B13="","",INDEX('Anw 2.HJ'!$D$6:$D$40,$A13)) | L13: =IF($B13="","",INDEX('Anw 2.HJ'!$E$6:$E$40,$A13))
A14: 9 | E14: =IF($B14="","",INDEX('Noten 1.HJ'!$AA$7:$AA$41,$A14)) | F14: =IF($B14="","",INDEX('Noten 1.HJ'!$AB$7:$AB$41,$A14)) | G14: =IF($B14="","",INDEX('Noten 2.HJ'!$AA$7:$AA$41,$A14)) | H14: =IF($B14="","",INDEX('Noten 2.HJ'!$AB$7:$AB$41,$A14)) | I14: =IF($B14="","",INDEX('Anw 1.HJ'!$D$6:$D$40,$A14)) | J14: =IF($B14="","",INDEX('Anw 1.HJ'!$E$6:$E$40,$A14)) | K14: =IF($B14="","",INDEX('Anw 2.HJ'!$D$6:$D$40,$A14)) | L14: =IF($B14="","",INDEX('Anw 2.HJ'!$E$6:$E$40,$A14))
A15: 10 | E15: =IF($B15="","",INDEX('Noten 1.HJ'!$AA$7:$AA$41,$A15)) | F15: =IF($B15="","",INDEX('Noten 1.HJ'!$AB$7:$AB$41,$A15)) | G15: =IF($B15="","",INDEX('Noten 2.HJ'!$AA$7:$AA$41,$A15)) | H15: =IF($B15="","",INDEX('Noten 2.HJ'!$AB$7:$AB$41,$A15)) | I15: =IF($B15="","",INDEX('Anw 1.HJ'!$D$6:$D$40,$A15)) | J15: =IF($B15="","",INDEX('Anw 1.HJ'!$E$6:$E$40,$A15)) | K15: =IF($B15="","",INDEX('Anw 2.HJ'!$D$6:$D$40,$A15)) | L15: =IF($B15="","",INDEX('Anw 2.HJ'!$E$6:$E$40,$A15))
A16: 11 | E16: =IF($B16="","",INDEX('Noten 1.HJ'!$AA$7:$AA$41,$A16)) | F16: =IF($B16="","",INDEX('Noten 1.HJ'!$AB$7:$AB$41,$A16)) | G16: =IF($B16="","",INDEX('Noten 2.HJ'!$AA$7:$AA$41,$A16)) | H16: =IF($B16="","",INDEX('Noten 2.HJ'!$AB$7:$AB$41,$A16)) | I16: =IF($B16="","",INDEX('Anw 1.HJ'!$D$6:$D$40,$A16)) | J16: =IF($B16="","",INDEX('Anw 1.HJ'!$E$6:$E$40,$A16)) | K16: =IF($B16="","",INDEX('Anw 2.HJ'!$D$6:$D$40,$A16)) | L16: =IF($B16="","",INDEX('Anw 2.HJ'!$E$6:$E$40,$A16))
A17: 12 | E17: =IF($B17="","",INDEX('Noten 1.HJ'!$AA$7:$AA$41,$A17)) | F17: =IF($B17="","",INDEX('Noten 1.HJ'!$AB$7:$AB$41,$A17)) | G17: =IF($B17="","",INDEX('Noten 2.HJ'!$AA$7:$AA$41,$A17)) | H17: =IF($B17="","",INDEX('Noten 2.HJ'!$AB$7:$AB$41,$A17)) | I17: =IF($B17="","",INDEX('Anw 1.HJ'!$D$6:$D$40,$A17)) | J17: =IF($B17="","",INDEX('Anw 1.HJ'!$E$6:$E$40,$A17)) | K17: =IF($B17="","",INDEX('Anw 2.HJ'!$D$6:$D$40,$A17)) | L17: =IF($B17="","",INDEX('Anw 2.HJ'!$E$6:$E$40,$A17))
... A40: 35 | E40: =IF($B40="","",INDEX('Noten 1.HJ'!$AA$7:$AA$41,$A40)) | F40: =IF($B40="","",INDEX('Noten 1.HJ'!$AB$7:$AB$41,$A40)) | G40: =IF($B40="","",INDEX('Noten 2.HJ'!$AA$7:$AA$41,$A40)) | H40: =IF($B40="","",INDEX('Noten 2.HJ'!$AB$7:$AB$41,$A40)) | I40: =IF($B40="","",INDEX('Anw 1.HJ'!$D$6:$D$40,$A40)) | J40: =IF($B40="","",INDEX('Anw 1.HJ'!$E$6:$E$40,$A40)) | K40: =IF($B40="","",INDEX('Anw 2.HJ'!$D$6:$D$40,$A40)) | L40: =IF($B40="","",INDEX('Anw 2.HJ'!$E$6:$E$40,$A40))

Sheet Sitzplan
A1: Sitzplan | M1: =HYPERLINK("#Start!A1","⌂")
B2: Klasse: | C2: =Klassenliste!$E$2&"" | D2: Raum: | F2: gültig ab: | J2: Lehrkraft: | L2: =Klassenliste!$H$2&""
B3: Quadrat anklicken → Schüler wählen · leere Quadrate = Lücken/Gänge · Tafel/Pult unten (vorne)
AA4: (Rechen-Hilfsspalte für Dropdown + Liste)
AA5: =IF(INDEX(Klassenliste!$B$6:$B$40,1)=0,"",1&" "&INDEX(Klassenliste!$C$6:$C$40,1)&" "&LEFT(INDEX(Klassenliste!$B$6:$B$40,1),1)&".")
AA6: =IF(INDEX(Klassenliste!$B$6:$B$40,2)=0,"",2&" "&INDEX(Klassenliste!$C$6:$C$40,2)&" "&LEFT(INDEX(Klassenliste!$B$6:$B$40,2),1)&".")
AA7: =IF(INDEX(Klassenliste!$B$6:$B$40,3)=0,"",3&" "&INDEX(Klassenliste!$C$6:$C$40,3)&" "&LEFT(INDEX(Klassenliste!$B$6:$B$40,3),1)&".")
AA8: =IF(INDEX(Klassenliste!$B$6:$B$40,4)=0,"",4&" "&INDEX(Klassenliste!$C$6:$C$40,4)&" "&LEFT(INDEX(Klassenliste!$B$6:$B$40,4),1)&".")
AA9: =IF(INDEX(Klassenliste!$B$6:$B$40,5)=0,"",5&" "&INDEX(Klassenliste!$C$6:$C$40,5)&" "&LEFT(INDEX(Klassenliste!$B$6:$B$40,5),1)&".")
AA10: =IF(INDEX(Klassenliste!$B$6:$B$40,6)=0,"",6&" "&INDEX(Klassenliste!$C$6:$C$40,6)&" "&LEFT(INDEX(Klassenliste!$B$6:$B$40,6),1)&".")
AA11: =IF(INDEX(Klassenliste!$B$6:$B$40,7)=0,"",7&" "&INDEX(Klassenliste!$C$6:$C$40,7)&" "&LEFT(INDEX(Klassenliste!$B$6:$B$40,7),1)&".")
AA12: =IF(INDEX(Klassenliste!$B$6:$B$40,8)=0,"",8&" "&INDEX(Klassenliste!$C$6:$C$40,8)&" "&LEFT(INDEX(Klassenliste!$B$6:$B$40,8),1)&".")
AA13: =IF(INDEX(Klassenliste!$B$6:$B$40,9)=0,"",9&" "&INDEX(Klassenliste!$C$6:$C$40,9)&" "&LEFT(INDEX(Klassenliste!$B$6:$B$40,9),1)&".")
AA14: =IF(INDEX(Klassenliste!$B$6:$B$40,10)=0,"",10&" "&INDEX(Klassenliste!$C$6:$C$40,10)&" "&LEFT(INDEX(Klassenliste!$B$6:$B$40,10),1)&".")
AA15: =IF(INDEX(Klassenliste!$B$6:$B$40,11)=0,"",11&" "&INDEX(Klassenliste!$C$6:$C$40,11)&" "&LEFT(INDEX(Klassenliste!$B$6:$B$40,11),1)&".")
G16: P U L T | AA16: =IF(INDEX(Klassenliste!$B$6:$B$40,12)=0,"",12&" "&INDEX(Klassenliste!$C$6:$C$40,12)&" "&LEFT(INDEX(Klassenliste!$B$6:$B$40,12),1)&".")
F17: T A F E L | AA17: =IF(INDEX(Klassenliste!$B$6:$B$40,13)=0,"",13&" "&INDEX(Klassenliste!$C$6:$C$40,13)&" "&LEFT(INDEX(Klassenliste!$B$6:$B$40,13),1)&".")
AA18: =IF(INDEX(Klassenliste!$B$6:$B$40,14)=0,"",14&" "&INDEX(Klassenliste!$C$6:$C$40,14)&" "&LEFT(INDEX(Klassenliste!$B$6:$B$40,14),1)&".")
B19: Schülerliste (zum Auslosen): | AA19: =IF(INDEX(Klassenliste!$B$6:$B$40,15)=0,"",15&" "&INDEX(Klassenliste!$C$6:$C$40,15)&" "&LEFT(INDEX(Klassenliste!$B$6:$B$40,15),1)&".")
B20: =IF(AA5="","",AA5) | D20: =IF(AA6="","",AA6) | F20: =IF(AA7="","",AA7) | H20: =IF(AA8="","",AA8) | J20: =IF(AA9="","",AA9) | L20: =IF(AA10="","",AA10) | AA20: =IF(INDEX(Klassenliste!$B$6:$B$40,16)=0,"",16&" "&INDEX(Klassenliste!$C$6:$C$40,16)&" "&LEFT(INDEX(Klassenliste!$B$6:$B$40,16),1)&".")
B21: =IF(AA11="","",AA11) | D21: =IF(AA12="","",AA12) | F21: =IF(AA13="","",AA13) | H21: =IF(AA14="","",AA14) | J21: =IF(AA15="","",AA15) | L21: =IF(AA16="","",AA16) | AA21: =IF(INDEX(Klassenliste!$B$6:$B$40,17)=0,"",17&" "&INDEX(Klassenliste!$C$6:$C$40,17)&" "&LEFT(INDEX(Klassenliste!$B$6:$B$40,17),1)&".")
B22: =IF(AA17="","",AA17) | D22: =IF(AA18="","",AA18) | F22: =IF(AA19="","",AA19) | H22: =IF(AA20="","",AA20) | J22: =IF(AA21="","",AA21) | L22: =IF(AA22="","",AA22) | AA22: =IF(INDEX(Klassenliste!$B$6:$B$40,18)=0,"",18&" "&INDEX(Klassenliste!$C$6:$C$40,18)&" "&LEFT(INDEX(Klassenliste!$B$6:$B$40,18),1)&".")
B23: =IF(AA23="","",AA23) | D23: =IF(AA24="","",AA24) | F23: =IF(AA25="","",AA25) | H23: =IF(AA26="","",AA26) | J23: =IF(AA27="","",AA27) | L23: =IF(AA28="","",AA28) | AA23: =IF(INDEX(Klassenliste!$B$6:$B$40,19)=0,"",19&" "&INDEX(Klassenliste!$C$6:$C$40,19)&" "&LEFT(INDEX(Klassenliste!$B$6:$B$40,19),1)&".")
B24: =IF(AA29="","",AA29) | D24: =IF(AA30="","",AA30) | F24: =IF(AA31="","",AA31) | H24: =IF(AA32="","",AA32) | J24: =IF(AA33="","",AA33) | L24: =IF(AA34="","",AA34) | AA24: =IF(INDEX(Klassenliste!$B$6:$B$40,20)=0,"",20&" "&INDEX(Klassenliste!$C$6:$C$40,20)&" "&LEFT(INDEX(Klassenliste!$B$6:$B$40,20),1)&".")
B25: =IF(AA35="","",AA35) | D25: =IF(AA36="","",AA36) | F25: =IF(AA37="","",AA37) | H25: =IF(AA38="","",AA38) | J25: =IF(AA39="","",AA39) | AA25: =IF(INDEX(Klassenliste!$B$6:$B$40,21)=0,"",21&" "&INDEX(Klassenliste!$C$6:$C$40,21)&" "&LEFT(INDEX(Klassenliste!$B$6:$B$40,21),1)&".")
AA26: =IF(INDEX(Klassenliste!$B$6:$B$40,22)=0,"",22&" "&INDEX(Klassenliste!$C$6:$C$40,22)&" "&LEFT(INDEX(Klassenliste!$B$6:$B$40,22),1)&".")
AA27: =IF(INDEX(Klassenliste!$B$6:$B$40,23)=0,"",23&" "&INDEX(Klassenliste!$C$6:$C$40,23)&" "&LEFT(INDEX(Klassenliste!$B$6:$B$40,23),1)&".")
AA28: =IF(INDEX(Klassenliste!$B$6:$B$40,24)=0,"",24&" "&INDEX(Klassenliste!$C$6:$C$40,24)&" "&LEFT(INDEX(Klassenliste!$B$6:$B$40,24),1)&".")
AA29: =IF(INDEX(Klassenliste!$B$6:$B$40,25)=0,"",25&" "&INDEX(Klassenliste!$C$6:$C$40,25)&" "&LEFT(INDEX(Klassenliste!$B$6:$B$40,25),1)&".")
AA30: =IF(INDEX(Klassenliste!$B$6:$B$40,26)=0,"",26&" "&INDEX(Klassenliste!$C$6:$C$40,26)&" "&LEFT(INDEX(Klassenliste!$B$6:$B$40,26),1)&".")
AA31: =IF(INDEX(Klassenliste!$B$6:$B$40,27)=0,"",27&" "&INDEX(Klassenliste!$C$6:$C$40,27)&" "&LEFT(INDEX(Klassenliste!$B$6:$B$40,27),1)&".")
AA32: =IF(INDEX(Klassenliste!$B$6:$B$40,28)=0,"",28&" "&INDEX(Klassenliste!$C$6:$C$40,28)&" "&LEFT(INDEX(Klassenliste!$B$6:$B$40,28),1)&".")
AA33: =IF(INDEX(Klassenliste!$B$6:$B$40,29)=0,"",29&" "&INDEX(Klassenliste!$C$6:$C$40,29)&" "&LEFT(INDEX(Klassenliste!$B$6:$B$40,29),1)&".")
AA34: =IF(INDEX(Klassenliste!$B$6:$B$40,30)=0,"",30&" "&INDEX(Klassenliste!$C$6:$C$40,30)&" "&LEFT(INDEX(Klassenliste!$B$6:$B$40,30),1)&".")
AA35: =IF(INDEX(Klassenliste!$B$6:$B$40,31)=0,"",31&" "&INDEX(Klassenliste!$C$6:$C$40,31)&" "&LEFT(INDEX(Klassenliste!$B$6:$B$40,31),1)&".")
AA36: =IF(INDEX(Klassenliste!$B$6:$B$40,32)=0,"",32&" "&INDEX(Klassenliste!$C$6:$C$40,32)&" "&LEFT(INDEX(Klassenliste!$B$6:$B$40,32),1)&".")
AA37: =IF(INDEX(Klassenliste!$B$6:$B$40,33)=0,"",33&" "&INDEX(Klassenliste!$C$6:$C$40,33)&" "&LEFT(INDEX(Klassenliste!$B$6:$B$40,33),1)&".")
AA38: =IF(INDEX(Klassenliste!$B$6:$B$40,34)=0,"",34&" "&INDEX(Klassenliste!$C$6:$C$40,34)&" "&LEFT(INDEX(Klassenliste!$B$6:$B$40,34),1)&".")
AA39: =IF(INDEX(Klassenliste!$B$6:$B$40,35)=0,"",35&" "&INDEX(Klassenliste!$C$6:$C$40,35)&" "&LEFT(INDEX(Klassenliste!$B$6:$B$40,35),1)&".")

Sheet Anw 1.HJ
A1: Anwesenheit 1. Halbjahr | AI1: =HYPERLINK("#Start!A1","⌂")
B2: e = entschuldigt · u = unentschuldigt · leer = anwesend (eine Spalte je Termin/Stunde)
E4: Datum →
A5: Nr | B5: Name | C5: Vorname | D5: FS | E5: uE
A6: 1 | B6: =IF(INDEX(Klassenliste!$B$6:$B$40,1)=0,"",INDEX(Klassenliste!$B$6:$B$40,1)) | C6: =IF(INDEX(Klassenliste!$C$6:$C$40,1)=0,"",INDEX(Klassenliste!$C$6:$C$40,1)) | D6: =IF($B6="","",COUNTIF(F6:AI6,"e")+COUNTIF(F6:AI6,"u")) | E6: =IF($B6="","",COUNTIF(F6:AI6,"u"))
A7: 2 | B7: =IF(INDEX(Klassenliste!$B$6:$B$40,2)=0,"",INDEX(Klassenliste!$B$6:$B$40,2)) | C7: =IF(INDEX(Klassenliste!$C$6:$C$40,2)=0,"",INDEX(Klassenliste!$C$6:$C$40,2)) | D7: =IF($B7="","",COUNTIF(F7:AI7,"e")+COUNTIF(F7:AI7,"u")) | E7: =IF($B7="","",COUNTIF(F7:AI7,"u"))
A8: 3 | B8: =IF(INDEX(Klassenliste!$B$6:$B$40,3)=0,"",INDEX(Klassenliste!$B$6:$B$40,3)) | C8: =IF(INDEX(Klassenliste!$C$6:$C$40,3)=0,"",INDEX(Klassenliste!$C$6:$C$40,3)) | D8: =IF($B8="","",COUNTIF(F8:AI8,"e")+COUNTIF(F8:AI8,"u")) | E8: =IF($B8="","",COUNTIF(F8:AI8,"u"))
A9: 4 | B9: =IF(INDEX(Klassenliste!$B$6:$B$40,4)=0,"",INDEX(Klassenliste!$B$6:$B$40,4)) | C9: =IF(INDEX(Klassenliste!$C$6:$C$40,4)=0,"",INDEX(Klassenliste!$C$6:$C$40,4)) | D9: =IF($B9="","",COUNTIF(F9:AI9,"e")+COUNTIF(F9:AI9,"u")) | E9: =IF($B9="","",COUNTIF(F9:AI9,"u"))
A10: 5 | B10: =IF(INDEX(Klassenliste!$B$6:$B$40,5)=0,"",INDEX(Klassenliste!$B$6:$B$40,5)) | C10: =IF(INDEX(Klassenliste!$C$6:$C$40,5)=0,"",INDEX(Klassenliste!$C$6:$C$40,5)) | D10: =IF($B10="","",COUNTIF(F10:AI10,"e")+COUNTIF(F10:AI10,"u")) | E10: =IF($B10="","",COUNTIF(F10:AI10,"u"))
A11: 6 | B11: =IF(INDEX(Klassenliste!$B$6:$B$40,6)=0,"",INDEX(Klassenliste!$B$6:$B$40,6)) | C11: =IF(INDEX(Klassenliste!$C$6:$C$40,6)=0,"",INDEX(Klassenliste!$C$6:$C$40,6)) | D11: =IF($B11="","",COUNTIF(F11:AI11,"e")+COUNTIF(F11:AI11,"u")) | E11: =IF($B11="","",COUNTIF(F11:AI11,"u"))
A12: 7 | B12: =IF(INDEX(Klassenliste!$B$6:$B$40,7)=0,"",INDEX(Klassenliste!$B$6:$B$40,7)) | C12: =IF(INDEX(Klassenliste!$C$6:$C$40,7)=0,"",INDEX(Klassenliste!$C$6:$C$40,7)) | D12: =IF($B12="","",COUNTIF(F12:AI12,"e")+COUNTIF(F12:AI12,"u")) | E12: =IF($B12="","",COUNTIF(F12:AI12,"u"))
A13: 8 | B13: =IF(INDEX(Klassenliste!$B$6:$B$40,8)=0,"",INDEX(Klassenliste!$B$6:$B$40,8)) | C13: =IF(INDEX(Klassenliste!$C$6:$C$40,8)=0,"",INDEX(Klassenliste!$C$6:$C$40,8)) | D13: =IF($B13="","",COUNTIF(F13:AI13,"e")+COUNTIF(F13:AI13,"u")) | E13: =IF($B13="","",COUNTIF(F13:AI13,"u"))
A14: 9 | B14: =IF(INDEX(Klassenliste!$B$6:$B$40,9)=0,"",INDEX(Klassenliste!$B$6:$B$40,9)) | C14: =IF(INDEX(Klassenliste!$C$6:$C$40,9)=0,"",INDEX(Klassenliste!$C$6:$C$40,9)) | D14: =IF($B14="","",COUNTIF(F14:AI14,"e")+COUNTIF(F14:AI14,"u")) | E14: =IF($B14="","",COUNTIF(F14:AI14,"u"))
A15: 10 | B15: =IF(INDEX(Klassenliste!$B$6:$B$40,10)=0,"",INDEX(Klassenliste!$B$6:$B$40,10)) | C15: =IF(INDEX(Klassenliste!$C$6:$C$40,10)=0,"",INDEX(Klassenliste!$C$6:$C$40,10)) | D15: =IF($B15="","",COUNTIF(F15:AI15,"e")+COUNTIF(F15:AI15,"u")) | E15: =IF($B15="","",COUNTIF(F15:AI15,"u"))
A16: 11 | B16: =IF(INDEX(Klassenliste!$B$6:$B$40,11)=0,"",INDEX(Klassenliste!$B$6:$B$40,11)) | C16: =IF(INDEX(Klassenliste!$C$6:$C$40,11)=0,"",INDEX(Klassenliste!$C$6:$C$40,11)) | D16: =IF($B16="","",COUNTIF(F16:AI16,"e")+COUNTIF(F16:AI16,"u")) | E16: =IF($B16="","",COUNTIF(F16:AI16,"u"))
A17: 12 | B17: =IF(INDEX(Klassenliste!$B$6:$B$40,12)=0,"",INDEX(Klassenliste!$B$6:$B$40,12)) | C17: =IF(INDEX(Klassenliste!$C$6:$C$40,12)=0,"",INDEX(Klassenliste!$C$6:$C$40,12)) | D17: =IF($B17="","",COUNTIF(F17:AI17,"e")+COUNTIF(F17:AI17,"u")) | E17: =IF($B17="","",COUNTIF(F17:AI17,"u"))
A18: 13 | B18: =IF(INDEX(Klassenliste!$B$6:$B$40,13)=0,"",INDEX(Klassenliste!$B$6:$B$40,13)) | C18: =IF(INDEX(Klassenliste!$C$6:$C$40,13)=0,"",INDEX(Klassenliste!$C$6:$C$40,13)) | D18: =IF($B18="","",COUNTIF(F18:AI18,"e")+COUNTIF(F18:AI18,"u")) | E18: =IF($B18="","",COUNTIF(F18:AI18,"u"))
A19: 14 | B19: =IF(INDEX(Klassenliste!$B$6:$B$40,14)=0,"",INDEX(Klassenliste!$B$6:$B$40,14)) | C19: =IF(INDEX(Klassenliste!$C$6:$C$40,14)=0,"",INDEX(Klassenliste!$C$6:$C$40,14)) | D19: =IF($B19="","",COUNTIF(F19:AI19,"e")+COUNTIF(F19:AI19,"u")) | E19: =IF($B19="","",COUNTIF(F19:AI19,"u"))
A20: 15 | B20: =IF(INDEX(Klassenliste!$B$6:$B$40,15)=0,"",INDEX(Klassenliste!$B$6:$B$40,15)) | C20: =IF(INDEX(Klassenliste!$C$6:$C$40,15)=0,"",INDEX(Klassenliste!$C$6:$C$40,15)) | D20: =IF($B20="","",COUNTIF(F20:AI20,"e")+COUNTIF(F20:AI20,"u")) | E20: =IF($B20="","",COUNTIF(F20:AI20,"u"))
A21: 16 | B21: =IF(INDEX(Klassenliste!$B$6:$B$40,16)=0,"",INDEX(Klassenliste!$B$6:$B$40,16)) | C21: =IF(INDEX(Klassenliste!$C$6:$C$40,16)=0,"",INDEX(Klassenliste!$C$6:$C$40,16)) | D21: =IF($B21="","",COUNTIF(F21:AI21,"e")+COUNTIF(F21:AI21,"u")) | E21: =IF($B21="","",COUNTIF(F21:AI21,"u"))
A22: 17 | B22: =IF(INDEX(Klassenliste!$B$6:$B$40,17)=0,"",INDEX(Klassenliste!$B$6:$B$40,17)) | C22: =IF(INDEX(Klassenliste!$C$6:$C$40,17)=0,"",INDEX(Klassenliste!$C$6:$C$40,17)) | D22: =IF($B22="","",COUNTIF(F22:AI22,"e")+COUNTIF(F22:AI22,"u")) | E22: =IF($B22="","",COUNTIF(F22:AI22,"u"))
A23: 18 | B23: =IF(INDEX(Klassenliste!$B$6:$B$40,18)=0,"",INDEX(Klassenliste!$B$6:$B$40,18)) | C23: =IF(INDEX(Klassenliste!$C$6:$C$40,18)=0,"",INDEX(Klassenliste!$C$6:$C$40,18)) | D23: =IF($B23="","",COUNTIF(F23:AI23,"e")+COUNTIF(F23:AI23,"u")) | E23: =IF($B23="","",COUNTIF(F23:AI23,"u"))
A24: 19 | B24: =IF(INDEX(Klassenliste!$B$6:$B$40,19)=0,"",INDEX(Klassenliste!$B$6:$B$40,19)) | C24: =IF(INDEX(Klassenliste!$C$6:$C$40,19)=0,"",INDEX(Klassenliste!$C$6:$C$40,19)) | D24: =IF($B24="","",COUNTIF(F24:AI24,"e")+COUNTIF(F24:AI24,"u")) | E24: =IF($B24="","",COUNTIF(F24:AI24,"u"))
A25: 20 | B25: =IF(INDEX(Klassenliste!$B$6:$B$40,20)=0,"",INDEX(Klassenliste!$B$6:$B$40,20)) | C25: =IF(INDEX(Klassenliste!$C$6:$C$40,20)=0,"",INDEX(Klassenliste!$C$6:$C$40,20)) | D25: =IF($B25="","",COUNTIF(F25:AI25,"e")+COUNTIF(F25:AI25,"u")) | E25: =IF($B25="","",COUNTIF(F25:AI25,"u"))
A26: 21 | B26: =IF(INDEX(Klassenliste!$B$6:$B$40,21)=0,"",INDEX(Klassenliste!$B$6:$B$40,21)) | C26: =IF(INDEX(Klassenliste!$C$6:$C$40,21)=0,"",INDEX(Klassenliste!$C$6:$C$40,21)) | D26: =IF($B26="","",COUNTIF(F26:AI26,"e")+COUNTIF(F26:AI26,"u")) | E26: =IF($B26="","",COUNTIF(F26:AI26,"u"))
A27: 22 | B27: =IF(INDEX(Klassenliste!$B$6:$B$40,22)=0,"",INDEX(Klassenliste!$B$6:$B$40,22)) | C27: =IF(INDEX(Klassenliste!$C$6:$C$40,22)=0,"",INDEX(Klassenliste!$C$6:$C$40,22)) | D27: =IF($B27="","",COUNTIF(F27:AI27,"e")+COUNTIF(F27:AI27,"u")) | E27: =IF($B27="","",COUNTIF(F27:AI27,"u"))
A28: 23 | B28: =IF(INDEX(Klassenliste!$B$6:$B$40,23)=0,"",INDEX(Klassenliste!$B$6:$B$40,23)) | C28: =IF(INDEX(Klassenliste!$C$6:$C$40,23)=0,"",INDEX(Klassenliste!$C$6:$C$40,23)) | D28: =IF($B28="","",COUNTIF(F28:AI28,"e")+COUNTIF(F28:AI28,"u")) | E28: =IF($B28="","",COUNTIF(F28:AI28,"u"))
A29: 24 | B29: =IF(INDEX(Klassenliste!$B$6:$B$40,24)=0,"",INDEX(Klassenliste!$B$6:$B$40,24)) | C29: =IF(INDEX(Klassenliste!$C$6:$C$40,24)=0,"",INDEX(Klassenliste!$C$6:$C$40,24)) | D29: =IF($B29="","",COUNTIF(F29:AI29,"e")+COUNTIF(F29:AI29,"u")) | E29: =IF($B29="","",COUNTIF(F29:AI29,"u"))
A30: 25 | B30: =IF(INDEX(Klassenliste!$B$6:$B$40,25)=0,"",INDEX(Klassenliste!$B$6:$B$40,25)) | C30: =IF(INDEX(Klassenliste!$C$6:$C$40,25)=0,"",INDEX(Klassenliste!$C$6:$C$40,25)) | D30: =IF($B30="","",COUNTIF(F30:AI30,"e")+COUNTIF(F30:AI30,"u")) | E30: =IF($B30="","",COUNTIF(F30:AI30,"u"))
A31: 26 | B31: =IF(INDEX(Klassenliste!$B$6:$B$40,26)=0,"",INDEX(Klassenliste!$B$6:$B$40,26)) | C31: =IF(INDEX(Klassenliste!$C$6:$C$40,26)=0,"",INDEX(Klassenliste!$C$6:$C$40,26)) | D31: =IF($B31="","",COUNTIF(F31:AI31,"e")+COUNTIF(F31:AI31,"u")) | E31: =IF($B31="","",COUNTIF(F31:AI31,"u"))
A32: 27 | B32: =IF(INDEX(Klassenliste!$B$6:$B$40,27)=0,"",INDEX(Klassenliste!$B$6:$B$40,27)) | C32: =IF(INDEX(Klassenliste!$C$6:$C$40,27)=0,"",INDEX(Klassenliste!$C$6:$C$40,27)) | D32: =IF($B32="","",COUNTIF(F32:AI32,"e")+COUNTIF(F32:AI32,"u")) | E32: =IF($B32="","",COUNTIF(F32:AI32,"u"))
A33: 28 | B33: =IF(INDEX(Klassenliste!$B$6:$B$40,28)=0,"",INDEX(Klassenliste!$B$6:$B$40,28)) | C33: =IF(INDEX(Klassenliste!$C$6:$C$40,28)=0,"",INDEX(Klassenliste!$C$6:$C$40,28)) | D33: =IF($B33="","",COUNTIF(F33:AI33,"e")+COUNTIF(F33:AI33,"u")) | E33: =IF($B33="","",COUNTIF(F33:AI33,"u"))
A34: 29 | B34: =IF(INDEX(Klassenliste!$B$6:$B$40,29)=0,"",INDEX(Klassenliste!$B$6:$B$40,29)) | C34: =IF(INDEX(Klassenliste!$C$6:$C$40,29)=0,"",INDEX(Klassenliste!$C$6:$C$40,29)) | D34: =IF($B34="","",COUNTIF(F34:AI34,"e")+COUNTIF(F34:AI34,"u")) | E34: =IF($B34="","",COUNTIF(F34:AI34,"u"))
A35: 30 | B35: =IF(INDEX(Klassenliste!$B$6:$B$40,30)=0,"",INDEX(Klassenliste!$B$6:$B$40,30)) | C35: =IF(INDEX(Klassenliste!$C$6:$C$40,30)=0,"",INDEX(Klassenliste!$C$6:$C$40,30)) | D35: =IF($B35="","",COUNTIF(F35:AI35,"e")+COUNTIF(F35:AI35,"u")) | E35: =IF($B35="","",COUNTIF(F35:AI35,"u"))
A36: 31 | B36: =IF(INDEX(Klassenliste!$B$6:$B$40,31)=0,"",INDEX(Klassenliste!$B$6:$B$40,31)) | C36: =IF(INDEX(Klassenliste!$C$6:$C$40,31)=0,"",INDEX(Klassenliste!$C$6:$C$40,31)) | D36: =IF($B36="","",COUNTIF(F36:AI36,"e")+COUNTIF(F36:AI36,"u")) | E36: =IF($B36="","",COUNTIF(F36:AI36,"u"))
A37: 32 | B37: =IF(INDEX(Klassenliste!$B$6:$B$40,32)=0,"",INDEX(Klassenliste!$B$6:$B$40,32)) | C37: =IF(INDEX(Klassenliste!$C$6:$C$40,32)=0,"",INDEX(Klassenliste!$C$6:$C$40,32)) | D37: =IF($B37="","",COUNTIF(F37:AI37,"e")+COUNTIF(F37:AI37,"u")) | E37: =IF($B37="","",COUNTIF(F37:AI37,"u"))
A38: 33 | B38: =IF(INDEX(Klassenliste!$B$6:$B$40,33)=0,"",INDEX(Klassenliste!$B$6:$B$40,33)) | C38: =IF(INDEX(Klassenliste!$C$6:$C$40,33)=0,"",INDEX(Klassenliste!$C$6:$C$40,33)) | D38: =IF($B38="","",COUNTIF(F38:AI38,"e")+COUNTIF(F38:AI38,"u")) | E38: =IF($B38="","",COUNTIF(F38:AI38,"u"))
A39: 34 | B39: =IF(INDEX(Klassenliste!$B$6:$B$40,34)=0,"",INDEX(Klassenliste!$B$6:$B$40,34)) | C39: =IF(INDEX(Klassenliste!$C$6:$C$40,34)=0,"",INDEX(Klassenliste!$C$6:$C$40,34)) | D39: =IF($B39="","",COUNTIF(F39:AI39,"e")+COUNTIF(F39:AI39,"u")) | E39: =IF($B39="","",COUNTIF(F39:AI39,"u"))
A40: 35 | B40: =IF(INDEX(Klassenliste!$B$6:$B$40,35)=0,"",INDEX(Klassenliste!$B$6:$B$40,35)) | C40: =IF(INDEX(Klassenliste!$C$6:$C$40,35)=0,"",INDEX(Klassenliste!$C$6:$C$40,35)) | D40: =IF($B40="","",COUNTIF(F40:AI40,"e")+COUNTIF(F40:AI40,"u")) | E40: =IF($B40="","",COUNTIF(F40:AI40,"u"))

Sheet Mat 1.HJ
A1: Material & Lernzeit 1. Halbjahr | AJ1: =HYPERLINK("#Start!A1","⌂")
B2: M = Material vergessen · L = Lernzeit/HA fehlt · i = iPad fehlt/ungeladen — kombinierbar (z. B. MLi) · mehrere Schüler: Zellen markieren, Kürzel tippen, Strg+Enter
F4: Datum →
A5: Nr | B5: Name | C5: Vorname | D5: M | E5: L | F5: iP
A6: 1 | B6: =IF(INDEX(Klassenliste!$B$6:$B$40,1)=0,"",INDEX(Klassenliste!$B$6:$B$40,1)) | C6: =IF(INDEX(Klassenliste!$C$6:$C$40,1)=0,"",INDEX(Klassenliste!$C$6:$C$40,1)) | D6: =IF($B6="","",COUNTIF(G6:AJ6,"*M*")) | E6: =IF($B6="","",COUNTIF(G6:AJ6,"*L*")) | F6: =IF($B6="","",COUNTIF(G6:AJ6,"*i*"))
A7: 2 | B7: =IF(INDEX(Klassenliste!$B$6:$B$40,2)=0,"",INDEX(Klassenliste!$B$6:$B$40,2)) | C7: =IF(INDEX(Klassenliste!$C$6:$C$40,2)=0,"",INDEX(Klassenliste!$C$6:$C$40,2)) | D7: =IF($B7="","",COUNTIF(G7:AJ7,"*M*")) | E7: =IF($B7="","",COUNTIF(G7:AJ7,"*L*")) | F7: =IF($B7="","",COUNTIF(G7:AJ7,"*i*"))
A8: 3 | B8: =IF(INDEX(Klassenliste!$B$6:$B$40,3)=0,"",INDEX(Klassenliste!$B$6:$B$40,3)) | C8: =IF(INDEX(Klassenliste!$C$6:$C$40,3)=0,"",INDEX(Klassenliste!$C$6:$C$40,3)) | D8: =IF($B8="","",COUNTIF(G8:AJ8,"*M*")) | E8: =IF($B8="","",COUNTIF(G8:AJ8,"*L*")) | F8: =IF($B8="","",COUNTIF(G8:AJ8,"*i*"))
A9: 4 | B9: =IF(INDEX(Klassenliste!$B$6:$B$40,4)=0,"",INDEX(Klassenliste!$B$6:$B$40,4)) | C9: =IF(INDEX(Klassenliste!$C$6:$C$40,4)=0,"",INDEX(Klassenliste!$C$6:$C$40,4)) | D9: =IF($B9="","",COUNTIF(G9:AJ9,"*M*")) | E9: =IF($B9="","",COUNTIF(G9:AJ9,"*L*")) | F9: =IF($B9="","",COUNTIF(G9:AJ9,"*i*"))
A10: 5 | B10: =IF(INDEX(Klassenliste!$B$6:$B$40,5)=0,"",INDEX(Klassenliste!$B$6:$B$40,5)) | C10: =IF(INDEX(Klassenliste!$C$6:$C$40,5)=0,"",INDEX(Klassenliste!$C$6:$C$40,5)) | D10: =IF($B10="","",COUNTIF(G10:AJ10,"*M*")) | E10: =IF($B10="","",COUNTIF(G10:AJ10,"*L*")) | F10: =IF($B10="","",COUNTIF(G10:AJ10,"*i*"))
A11: 6 | B11: =IF(INDEX(Klassenliste!$B$6:$B$40,6)=0,"",INDEX(Klassenliste!$B$6:$B$40,6)) | C11: =IF(INDEX(Klassenliste!$C$6:$C$40,6)=0,"",INDEX(Klassenliste!$C$6:$C$40,6)) | D11: =IF($B11="","",COUNTIF(G11:AJ11,"*M*")) | E11: =IF($B11="","",COUNTIF(G11:AJ11,"*L*")) | F11: =IF($B11="","",COUNTIF(G11:AJ11,"*i*"))
A12: 7 | B12: =IF(INDEX(Klassenliste!$B$6:$B$40,7)=0,"",INDEX(Klassenliste!$B$6:$B$40,7)) | C12: =IF(INDEX(Klassenliste!$C$6:$C$40,7)=0,"",INDEX(Klassenliste!$C$6:$C$40,7)) | D12: =IF($B12="","",COUNTIF(G12:AJ12,"*M*")) | E12: =IF($B12="","",COUNTIF(G12:AJ12,"*L*")) | F12: =IF($B12="","",COUNTIF(G12:AJ12,"*i*"))
A13: 8 | B13: =IF(INDEX(Klassenliste!$B$6:$B$40,8)=0,"",INDEX(Klassenliste!$B$6:$B$40,8)) | C13: =IF(INDEX(Klassenliste!$C$6:$C$40,8)=0,"",INDEX(Klassenliste!$C$6:$C$40,8)) | D13: =IF($B13="","",COUNTIF(G13:AJ13,"*M*")) | E13: =IF($B13="","",COUNTIF(G13:AJ13,"*L*")) | F13: =IF($B13="","",COUNTIF(G13:AJ13,"*i*"))
A14: 9 | B14: =IF(INDEX(Klassenliste!$B$6:$B$40,9)=0,"",INDEX(Klassenliste!$B$6:$B$40,9)) | C14: =IF(INDEX(Klassenliste!$C$6:$C$40,9)=0,"",INDEX(Klassenliste!$C$6:$C$40,9)) | D14: =IF($B14="","",COUNTIF(G14:AJ14,"*M*")) | E14: =IF($B14="","",COUNTIF(G14:AJ14,"*L*")) | F14: =IF($B14="","",COUNTIF(G14:AJ14,"*i*"))
A15: 10 | B15: =IF(INDEX(Klassenliste!$B$6:$B$40,10)=0,"",INDEX(Klassenliste!$B$6:$B$40,10)) | C15: =IF(INDEX(Klassenliste!$C$6:$C$40,10)=0,"",INDEX(Klassenliste!$C$6:$C$40,10)) | D15: =IF($B15="","",COUNTIF(G15:AJ15,"*M*")) | E15: =IF($B15="","",COUNTIF(G15:AJ15,"*L*")) | F15: =IF($B15="","",COUNTIF(G15:AJ15,"*i*"))
A16: 11 | B16: =IF(INDEX(Klassenliste!$B$6:$B$40,11)=0,"",INDEX(Klassenliste!$B$6:$B$40,11)) | C16: =IF(INDEX(Klassenliste!$C$6:$C$40,11)=0,"",INDEX(Klassenliste!$C$6:$C$40,11)) | D16: =IF($B16="","",COUNTIF(G16:AJ16,"*M*")) | E16: =IF($B16="","",COUNTIF(G16:AJ16,"*L*")) | F16: =IF($B16="","",COUNTIF(G16:AJ16,"*i*"))
A17: 12 | B17: =IF(INDEX(Klassenliste!$B$6:$B$40,12)=0,"",INDEX(Klassenliste!$B$6:$B$40,12)) | C17: =IF(INDEX(Klassenliste!$C$6:$C$40,12)=0,"",INDEX(Klassenliste!$C$6:$C$40,12)) | D17: =IF($B17="","",COUNTIF(G17:AJ17,"*M*")) | E17: =IF($B17="","",COUNTIF(G17:AJ17,"*L*")) | F17: =IF($B17="","",COUNTIF(G17:AJ17,"*i*"))
A18: 13 | B18: =IF(INDEX(Klassenliste!$B$6:$B$40,13)=0,"",INDEX(Klassenliste!$B$6:$B$40,13)) | C18: =IF(INDEX(Klassenliste!$C$6:$C$40,13)=0,"",INDEX(Klassenliste!$C$6:$C$40,13)) | D18: =IF($B18="","",COUNTIF(G18:AJ18,"*M*")) | E18: =IF($B18="","",COUNTIF(G18:AJ18,"*L*")) | F18: =IF($B18="","",COUNTIF(G18:AJ18,"*i*"))
A19: 14 | B19: =IF(INDEX(Klassenliste!$B$6:$B$40,14)=0,"",INDEX(Klassenliste!$B$6:$B$40,14)) | C19: =IF(INDEX(Klassenliste!$C$6:$C$40,14)=0,"",INDEX(Klassenliste!$C$6:$C$40,14)) | D19: =IF($B19="","",COUNTIF(G19:AJ19,"*M*")) | E19: =IF($B19="","",COUNTIF(G19:AJ19,"*L*")) | F19: =IF($B19="","",COUNTIF(G19:AJ19,"*i*"))
A20: 15 | B20: =IF(INDEX(Klassenliste!$B$6:$B$40,15)=0,"",INDEX(Klassenliste!$B$6:$B$40,15)) | C20: =IF(INDEX(Klassenliste!$C$6:$C$40,15)=0,"",INDEX(Klassenliste!$C$6:$C$40,15)) | D20: =IF($B20="","",COUNTIF(G20:AJ20,"*M*")) | E20: =IF($B20="","",COUNTIF(G20:AJ20,"*L*")) | F20: =IF($B20="","",COUNTIF(G20:AJ20,"*i*"))
A21: 16 | B21: =IF(INDEX(Klassenliste!$B$6:$B$40,16)=0,"",INDEX(Klassenliste!$B$6:$B$40,16)) | C21: =IF(INDEX(Klassenliste!$C$6:$C$40,16)=0,"",INDEX(Klassenliste!$C$6:$C$40,16)) | D21: =IF($B21="","",COUNTIF(G21:AJ21,"*M*")) | E21: =IF($B21="","",COUNTIF(G21:AJ21,"*L*")) | F21: =IF($B21="","",COUNTIF(G21:AJ21,"*i*"))
A22: 17 | B22: =IF(INDEX(Klassenliste!$B$6:$B$40,17)=0,"",INDEX(Klassenliste!$B$6:$B$40,17)) | C22: =IF(INDEX(Klassenliste!$C$6:$C$40,17)=0,"",INDEX(Klassenliste!$C$6:$C$40,17)) | D22: =IF($B22="","",COUNTIF(G22:AJ22,"*M*")) | E22: =IF($B22="","",COUNTIF(G22:AJ22,"*L*")) | F22: =IF($B22="","",COUNTIF(G22:AJ22,"*i*"))
A23: 18 | B23: =IF(INDEX(Klassenliste!$B$6:$B$40,18)=0,"",INDEX(Klassenliste!$B$6:$B$40,18)) | C23: =IF(INDEX(Klassenliste!$C$6:$C$40,18)=0,"",INDEX(Klassenliste!$C$6:$C$40,18)) | D23: =IF($B23="","",COUNTIF(G23:AJ23,"*M*")) | E23: =IF($B23="","",COUNTIF(G23:AJ23,"*L*")) | F23: =IF($B23="","",COUNTIF(G23:AJ23,"*i*"))
A24: 19 | B24: =IF(INDEX(Klassenliste!$B$6:$B$40,19)=0,"",INDEX(Klassenliste!$B$6:$B$40,19)) | C24: =IF(INDEX(Klassenliste!$C$6:$C$40,19)=0,"",INDEX(Klassenliste!$C$6:$C$40,19)) | D24: =IF($B24="","",COUNTIF(G24:AJ24,"*M*")) | E24: =IF($B24="","",COUNTIF(G24:AJ24,"*L*")) | F24: =IF($B24="","",COUNTIF(G24:AJ24,"*i*"))
A25: 20 | B25: =IF(INDEX(Klassenliste!$B$6:$B$40,20)=0,"",INDEX(Klassenliste!$B$6:$B$40,20)) | C25: =IF(INDEX(Klassenliste!$C$6:$C$40,20)=0,"",INDEX(Klassenliste!$C$6:$C$40,20)) | D25: =IF($B25="","",COUNTIF(G25:AJ25,"*M*")) | E25: =IF($B25="","",COUNTIF(G25:AJ25,"*L*")) | F25: =IF($B25="","",COUNTIF(G25:AJ25,"*i*"))
A26: 21 | B26: =IF(INDEX(Klassenliste!$B$6:$B$40,21)=0,"",INDEX(Klassenliste!$B$6:$B$40,21)) | C26: =IF(INDEX(Klassenliste!$C$6:$C$40,21)=0,"",INDEX(Klassenliste!$C$6:$C$40,21)) | D26: =IF($B26="","",COUNTIF(G26:AJ26,"*M*")) | E26: =IF($B26="","",COUNTIF(G26:AJ26,"*L*")) | F26: =IF($B26="","",COUNTIF(G26:AJ26,"*i*"))
A27: 22 | B27: =IF(INDEX(Klassenliste!$B$6:$B$40,22)=0,"",INDEX(Klassenliste!$B$6:$B$40,22)) | C27: =IF(INDEX(Klassenliste!$C$6:$C$40,22)=0,"",INDEX(Klassenliste!$C$6:$C$40,22)) | D27: =IF($B27="","",COUNTIF(G27:AJ27,"*M*")) | E27: =IF($B27="","",COUNTIF(G27:AJ27,"*L*")) | F27: =IF($B27="","",COUNTIF(G27:AJ27,"*i*"))
A28: 23 | B28: =IF(INDEX(Klassenliste!$B$6:$B$40,23)=0,"",INDEX(Klassenliste!$B$6:$B$40,23)) | C28: =IF(INDEX(Klassenliste!$C$6:$C$40,23)=0,"",INDEX(Klassenliste!$C$6:$C$40,23)) | D28: =IF($B28="","",COUNTIF(G28:AJ28,"*M*")) | E28: =IF($B28="","",COUNTIF(G28:AJ28,"*L*")) | F28: =IF($B28="","",COUNTIF(G28:AJ28,"*i*"))
A29: 24 | B29: =IF(INDEX(Klassenliste!$B$6:$B$40,24)=0,"",INDEX(Klassenliste!$B$6:$B$40,24)) | C29: =IF(INDEX(Klassenliste!$C$6:$C$40,24)=0,"",INDEX(Klassenliste!$C$6:$C$40,24)) | D29: =IF($B29="","",COUNTIF(G29:AJ29,"*M*")) | E29: =IF($B29="","",COUNTIF(G29:AJ29,"*L*")) | F29: =IF($B29="","",COUNTIF(G29:AJ29,"*i*"))
A30: 25 | B30: =IF(INDEX(Klassenliste!$B$6:$B$40,25)=0,"",INDEX(Klassenliste!$B$6:$B$40,25)) | C30: =IF(INDEX(Klassenliste!$C$6:$C$40,25)=0,"",INDEX(Klassenliste!$C$6:$C$40,25)) | D30: =IF($B30="","",COUNTIF(G30:AJ30,"*M*")) | E30: =IF($B30="","",COUNTIF(G30:AJ30,"*L*")) | F30: =IF($B30="","",COUNTIF(G30:AJ30,"*i*"))
A31: 26 | B31: =IF(INDEX(Klassenliste!$B$6:$B$40,26)=0,"",INDEX(Klassenliste!$B$6:$B$40,26)) | C31: =IF(INDEX(Klassenliste!$C$6:$C$40,26)=0,"",INDEX(Klassenliste!$C$6:$C$40,26)) | D31: =IF($B31="","",COUNTIF(G31:AJ31,"*M*")) | E31: =IF($B31="","",COUNTIF(G31:AJ31,"*L*")) | F31: =IF($B31="","",COUNTIF(G31:AJ31,"*i*"))
A32: 27 | B32: =IF(INDEX(Klassenliste!$B$6:$B$40,27)=0,"",INDEX(Klassenliste!$B$6:$B$40,27)) | C32: =IF(INDEX(Klassenliste!$C$6:$C$40,27)=0,"",INDEX(Klassenliste!$C$6:$C$40,27)) | D32: =IF($B32="","",COUNTIF(G32:AJ32,"*M*")) | E32: =IF($B32="","",COUNTIF(G32:AJ32,"*L*")) | F32: =IF($B32="","",COUNTIF(G32:AJ32,"*i*"))
A33: 28 | B33: =IF(INDEX(Klassenliste!$B$6:$B$40,28)=0,"",INDEX(Klassenliste!$B$6:$B$40,28)) | C33: =IF(INDEX(Klassenliste!$C$6:$C$40,28)=0,"",INDEX(Klassenliste!$C$6:$C$40,28)) | D33: =IF($B33="","",COUNTIF(G33:AJ33,"*M*")) | E33: =IF($B33="","",COUNTIF(G33:AJ33,"*L*")) | F33: =IF($B33="","",COUNTIF(G33:AJ33,"*i*"))
A34: 29 | B34: =IF(INDEX(Klassenliste!$B$6:$B$40,29)=0,"",INDEX(Klassenliste!$B$6:$B$40,29)) | C34: =IF(INDEX(Klassenliste!$C$6:$C$40,29)=0,"",INDEX(Klassenliste!$C$6:$C$40,29)) | D34: =IF($B34="","",COUNTIF(G34:AJ34,"*M*")) | E34: =IF($B34="","",COUNTIF(G34:AJ34,"*L*")) | F34: =IF($B34="","",COUNTIF(G34:AJ34,"*i*"))
A35: 30 | B35: =IF(INDEX(Klassenliste!$B$6:$B$40,30)=0,"",INDEX(Klassenliste!$B$6:$B$40,30)) | C35: =IF(INDEX(Klassenliste!$C$6:$C$40,30)=0,"",INDEX(Klassenliste!$C$6:$C$40,30)) | D35: =IF($B35="","",COUNTIF(G35:AJ35,"*M*")) | E35: =IF($B35="","",COUNTIF(G35:AJ35,"*L*")) | F35: =IF($B35="","",COUNTIF(G35:AJ35,"*i*"))
A36: 31 | B36: =IF(INDEX(Klassenliste!$B$6:$B$40,31)=0,"",INDEX(Klassenliste!$B$6:$B$40,31)) | C36: =IF(INDEX(Klassenliste!$C$6:$C$40,31)=0,"",INDEX(Klassenliste!$C$6:$C$40,31)) | D36: =IF($B36="","",COUNTIF(G36:AJ36,"*M*")) | E36: =IF($B36="","",COUNTIF(G36:AJ36,"*L*")) | F36: =IF($B36="","",COUNTIF(G36:AJ36,"*i*"))
A37: 32 | B37: =IF(INDEX(Klassenliste!$B$6:$B$40,32)=0,"",INDEX(Klassenliste!$B$6:$B$40,32)) | C37: =IF(INDEX(Klassenliste!$C$6:$C$40,32)=0,"",INDEX(Klassenliste!$C$6:$C$40,32)) | D37: =IF($B37="","",COUNTIF(G37:AJ37,"*M*")) | E37: =IF($B37="","",COUNTIF(G37:AJ37,"*L*")) | F37: =IF($B37="","",COUNTIF(G37:AJ37,"*i*"))
A38: 33 | B38: =IF(INDEX(Klassenliste!$B$6:$B$40,33)=0,"",INDEX(Klassenliste!$B$6:$B$40,33)) | C38: =IF(INDEX(Klassenliste!$C$6:$C$40,33)=0,"",INDEX(Klassenliste!$C$6:$C$40,33)) | D38: =IF($B38="","",COUNTIF(G38:AJ38,"*M*")) | E38: =IF($B38="","",COUNTIF(G38:AJ38,"*L*")) | F38: =IF($B38="","",COUNTIF(G38:AJ38,"*i*"))
A39: 34 | B39: =IF(INDEX(Klassenliste!$B$6:$B$40,34)=0,"",INDEX(Klassenliste!$B$6:$B$40,34)) | C39: =IF(INDEX(Klassenliste!$C$6:$C$40,34)=0,"",INDEX(Klassenliste!$C$6:$C$40,34)) | D39: =IF($B39="","",COUNTIF(G39:AJ39,"*M*")) | E39: =IF($B39="","",COUNTIF(G39:AJ39,"*L*")) | F39: =IF($B39="","",COUNTIF(G39:AJ39,"*i*"))
A40: 35 | B40: =IF(INDEX(Klassenliste!$B$6:$B$40,35)=0,"",INDEX(Klassenliste!$B$6:$B$40,35)) | C40: =IF(INDEX(Klassenliste!$C$6:$C$40,35)=0,"",INDEX(Klassenliste!$C$6:$C$40,35)) | D40: =IF($B40="","",COUNTIF(G40:AJ40,"*M*")) | E40: =IF($B40="","",COUNTIF(G40:AJ40,"*L*")) | F40: =IF($B40="","",COUNTIF(G40:AJ40,"*i*"))

Sheet Noten 1.HJ
A1: Notenübersicht 1. Halbjahr | AB1: =HYPERLINK("#Start!A1","⌂")
A2: =Klassenliste!$E$2&" · "&Klassenliste!$J$2&" · "&Klassenliste!$H$2&"" | L2: Einheit: Notenpunkte (0–15) · leere Zellen zählen nicht · Zeile 5 über m1–m6: frei beschriften (SoMi, Referat, Kurztest …)
D3: Quartalsnoten | F3: Quartal 1 · S = schriftlich (KA) · MA = Mitarbeit | P3: Quartal 2 | Z3: Halbjahr
C4: Gewichtung: | D4: 1 | E4: 1 | F4: 1 | G4: 1 | H4: 1 | I4: 1 | J4: 1 | K4: 1 | L4: 1 | M4: 1 | N4: 1 | O4: 1 | P4: 1 | Q4: 1 | R4: 1 | S4: 1 | T4: 1 | U4: 1 | V4: 1 | W4: 1 | X4: 1 | Y4: 1
C5: KA-Nr: | G5: 1 | I5: Art → | Q5: 2 | R5: 3 | S5: Art →
A6: Nr | B6: Name | C6: Vorname | D6: Q1 | E6: Q2 | F6: S (Q1) | G6: =IF(G$5="","(frei)","KA "&G$5) | H6: =IF(H$5="","(frei)","KA "&H$5) | I6: MA (Q1) | J6: m1 | K6: m2 | L6: m3 | M6: m4 | N6: m5 | O6: m6 | P6: S (Q2) | Q6: =IF(Q$5="","(frei)","KA "&Q$5) | R6: =IF(R$5="","(frei)","KA "&R$5) | S6: MA (Q2) | T6: m1 | U6: m2 | V6: m3 | W6: m4 | X6: m5 | Y6: m6 | Z6: HJ Ø | AA6: HJ Pkt | AB6: Note
A7: 1 | B7: =IF(INDEX(Klassenliste!$B$6:$B$40,1)=0,"",INDEX(Klassenliste!$B$6:$B$40,1)) | C7: =IF(INDEX(Klassenliste!$C$6:$C$40,1)=0,"",INDEX(Klassenliste!$C$6:$C$40,1)) | D7: =IF(((--ISNUMBER(F7))*$F$4+(--ISNUMBER(I7))*$I$4)=0,"",(IFERROR(F7*$F$4,0)+IFERROR(I7*$I$4,0))/((--ISNUMBER(F7))*$F$4+(--ISNUMBER(I7))*$I$4)) | E7: =IF(((--ISNUMBER(P7))*$P$4+(--ISNUMBER(S7))*$S$4)=0,"",(IFERROR(P7*$P$4,0)+IFERROR(S7*$S$4,0))/((--ISNUMBER(P7))*$P$4+(--ISNUMBER(S7))*$S$4)) | F7: =IF(SUMPRODUCT(--ISNUMBER(G7:H7),$G$4:$H$4)=0,"",SUMPRODUCT(G7:H7,$G$4:$H$4)/SUMPRODUCT(--ISNUMBER(G7:H7),$G$4:$H$4)) | G7: =IF(G$5="","",CHOOSE(G$5,KA1!$R8,KA2!$R8,KA3!$R8,KA4!$R8,KA5!$R8,KA6!$R8)) | H7: =IF(H$5="","",CHOOSE(H$5,KA1!$R8,KA2!$R8,KA3!$R8,KA4!$R8,KA5!$R8,KA6!$R8)) | I7: =IF(SUMPRODUCT(--ISNUMBER(J7:O7),$J$4:$O$4)=0,"",SUMPRODUCT(J7:O7,$J$4:$O$4)/SUMPRODUCT(--ISNUMBER(J7:O7),$J$4:$O$4)) | P7: =IF(SUMPRODUCT(--ISNUMBER(Q7:R7),$Q$4:$R$4)=0,"",SUMPRODUCT(Q7:R7,$Q$4:$R$4)/SUMPRODUCT(--ISNUMBER(Q7:R7),$Q$4:$R$4)) | Q7: =IF(Q$5="","",CHOOSE(Q$5,KA1!$R8,KA2!$R8,KA3!$R8,KA4!$R8,KA5!$R8,KA6!$R8)) | R7: =IF(R$5="","",CHOOSE(R$5,KA1!$R8,KA2!$R8,KA3!$R8,KA4!$R8,KA5!$R8,KA6!$R8)) | S7: =IF(SUMPRODUCT(--ISNUMBER(T7:Y7),$T$4:$Y$4)=0,"",SUMPRODUCT(T7:Y7,$T$4:$Y$4)/SUMPRODUCT(--ISNUMBER(T7:Y7),$T$4:$Y$4)) | Z7: =IF(((--ISNUMBER(D7))*$D$4+(--ISNUMBER(E7))*$E$4)=0,"",(IFERROR(D7*$D$4,0)+IFERROR(E7*$E$4,0))/((--ISNUMBER(D7))*$D$4+(--ISNUMBER(E7))*$E$4)) | AA7: =IF(Z7="","",ROUND(Z7,0)) | AB7: =IF(AA7="","",INDEX(Notentabelle!$B$4:$B$19,AA7+1))
A8: 2 | B8: =IF(INDEX(Klassenliste!$B$6:$B$40,2)=0,"",INDEX(Klassenliste!$B$6:$B$40,2)) | C8: =IF(INDEX(Klassenliste!$C$6:$C$40,2)=0,"",INDEX(Klassenliste!$C$6:$C$40,2)) | D8: =IF(((--ISNUMBER(F8))*$F$4+(--ISNUMBER(I8))*$I$4)=0,"",(IFERROR(F8*$F$4,0)+IFERROR(I8*$I$4,0))/((--ISNUMBER(F8))*$F$4+(--ISNUMBER(I8))*$I$4)) | E8: =IF(((--ISNUMBER(P8))*$P$4+(--ISNUMBER(S8))*$S$4)=0,"",(IFERROR(P8*$P$4,0)+IFERROR(S8*$S$4,0))/((--ISNUMBER(P8))*$P$4+(--ISNUMBER(S8))*$S$4)) | F8: =IF(SUMPRODUCT(--ISNUMBER(G8:H8),$G$4:$H$4)=0,"",SUMPRODUCT(G8:H8,$G$4:$H$4)/SUMPRODUCT(--ISNUMBER(G8:H8),$G$4:$H$4)) | G8: =IF(G$5="","",CHOOSE(G$5,KA1!$R9,KA2!$R9,KA3!$R9,KA4!$R9,KA5!$R9,KA6!$R9)) | H8: =IF(H$5="","",CHOOSE(H$5,KA1!$R9,KA2!$R9,KA3!$R9,KA4!$R9,KA5!$R9,KA6!$R9)) | I8: =IF(SUMPRODUCT(--ISNUMBER(J8:O8),$J$4:$O$4)=0,"",SUMPRODUCT(J8:O8,$J$4:$O$4)/SUMPRODUCT(--ISNUMBER(J8:O8),$J$4:$O$4)) | P8: =IF(SUMPRODUCT(--ISNUMBER(Q8:R8),$Q$4:$R$4)=0,"",SUMPRODUCT(Q8:R8,$Q$4:$R$4)/SUMPRODUCT(--ISNUMBER(Q8:R8),$Q$4:$R$4)) | Q8: =IF(Q$5="","",CHOOSE(Q$5,KA1!$R9,KA2!$R9,KA3!$R9,KA4!$R9,KA5!$R9,KA6!$R9)) | R8: =IF(R$5="","",CHOOSE(R$5,KA1!$R9,KA2!$R9,KA3!$R9,KA4!$R9,KA5!$R9,KA6!$R9)) | S8: =IF(SUMPRODUCT(--ISNUMBER(T8:Y8),$T$4:$Y$4)=0,"",SUMPRODUCT(T8:Y8,$T$4:$Y$4)/SUMPRODUCT(--ISNUMBER(T8:Y8),$T$4:$Y$4)) | Z8: =IF(((--ISNUMBER(D8))*$D$4+(--ISNUMBER(E8))*$E$4)=0,"",(IFERROR(D8*$D$4,0)+IFERROR(E8*$E$4,0))/((--ISNUMBER(D8))*$D$4+(--ISNUMBER(E8))*$E$4)) | AA8: =IF(Z8="","",ROUND(Z8,0)) | AB8: =IF(AA8="","",INDEX(Notentabelle!$B$4:$B$19,AA8+1))
A9: 3 | B9: =IF(INDEX(Klassenliste!$B$6:$B$40,3)=0,"",INDEX(Klassenliste!$B$6:$B$40,3)) | C9: =IF(INDEX(Klassenliste!$C$6:$C$40,3)=0,"",INDEX(Klassenliste!$C$6:$C$40,3)) | D9: =IF(((--ISNUMBER(F9))*$F$4+(--ISNUMBER(I9))*$I$4)=0,"",(IFERROR(F9*$F$4,0)+IFERROR(I9*$I$4,0))/((--ISNUMBER(F9))*$F$4+(--ISNUMBER(I9))*$I$4)) | E9: =IF(((--ISNUMBER(P9))*$P$4+(--ISNUMBER(S9))*$S$4)=0,"",(IFERROR(P9*$P$4,0)+IFERROR(S9*$S$4,0))/((--ISNUMBER(P9))*$P$4+(--ISNUMBER(S9))*$S$4)) | F9: =IF(SUMPRODUCT(--ISNUMBER(G9:H9),$G$4:$H$4)=0,"",SUMPRODUCT(G9:H9,$G$4:$H$4)/SUMPRODUCT(--ISNUMBER(G9:H9),$G$4:$H$4)) | G9: =IF(G$5="","",CHOOSE(G$5,KA1!$R10,KA2!$R10,KA3!$R10,KA4!$R10,KA5!$R10,KA6!$R10)) | H9: =IF(H$5="","",CHOOSE(H$5,KA1!$R10,KA2!$R10,KA3!$R10,KA4!$R10,KA5!$R10,KA6!$R10)) | I9: =IF(SUMPRODUCT(--ISNUMBER(J9:O9),$J$4:$O$4)=0,"",SUMPRODUCT(J9:O9,$J$4:$O$4)/SUMPRODUCT(--ISNUMBER(J9:O9),$J$4:$O$4)) | P9: =IF(SUMPRODUCT(--ISNUMBER(Q9:R9),$Q$4:$R$4)=0,"",SUMPRODUCT(Q9:R9,$Q$4:$R$4)/SUMPRODUCT(--ISNUMBER(Q9:R9),$Q$4:$R$4)) | Q9: =IF(Q$5="","",CHOOSE(Q$5,KA1!$R10,KA2!$R10,KA3!$R10,KA4!$R10,KA5!$R10,KA6!$R10)) | R9: =IF(R$5="","",CHOOSE(R$5,KA1!$R10,KA2!$R10,KA3!$R10,KA4!$R10,KA5!$R10,KA6!$R10)) | S9: =IF(SUMPRODUCT(--ISNUMBER(T9:Y9),$T$4:$Y$4)=0,"",SUMPRODUCT(T9:Y9,$T$4:$Y$4)/SUMPRODUCT(--ISNUMBER(T9:Y9),$T$4:$Y$4)) | Z9: =IF(((--ISNUMBER(D9))*$D$4+(--ISNUMBER(E9))*$E$4)=0,"",(IFERROR(D9*$D$4,0)+IFERROR(E9*$E$4,0))/((--ISNUMBER(D9))*$D$4+(--ISNUMBER(E9))*$E$4)) | AA9: =IF(Z9="","",ROUND(Z9,0)) | AB9: =IF(AA9="","",INDEX(Notentabelle!$B$4:$B$19,AA9+1))
A10: 4 | B10: =IF(INDEX(Klassenliste!$B$6:$B$40,4)=0,"",INDEX(Klassenliste!$B$6:$B$40,4)) | C10: =IF(INDEX(Klassenliste!$C$6:$C$40,4)=0,"",INDEX(Klassenliste!$C$6:$C$40,4)) | D10: =IF(((--ISNUMBER(F10))*$F$4+(--ISNUMBER(I10))*$I$4)=0,"",(IFERROR(F10*$F$4,0)+IFERROR(I10*$I$4,0))/((--ISNUMBER(F10))*$F$4+(--ISNUMBER(I10))*$I$4)) | E10: =IF(((--ISNUMBER(P10))*$P$4+(--ISNUMBER(S10))*$S$4)=0,"",(IFERROR(P10*$P$4,0)+IFERROR(S10*$S$4,0))/((--ISNUMBER(P10))*$P$4+(--ISNUMBER(S10))*$S$4)) | F10: =IF(SUMPRODUCT(--ISNUMBER(G10:H10),$G$4:$H$4)=0,"",SUMPRODUCT(G10:H10,$G$4:$H$4)/SUMPRODUCT(--ISNUMBER(G10:H10),$G$4:$H$4)) | G10: =IF(G$5="","",CHOOSE(G$5,KA1!$R11,KA2!$R11,KA3!$R11,KA4!$R11,KA5!$R11,KA6!$R11)) | H10: =IF(H$5="","",CHOOSE(H$5,KA1!$R11,KA2!$R11,KA3!$R11,KA4!$R11,KA5!$R11,KA6!$R11)) | I10: =IF(SUMPRODUCT(--ISNUMBER(J10:O10),$J$4:$O$4)=0,"",SUMPRODUCT(J10:O10,$J$4:$O$4)/SUMPRODUCT(--ISNUMBER(J10:O10),$J$4:$O$4)) | P10: =IF(SUMPRODUCT(--ISNUMBER(Q10:R10),$Q$4:$R$4)=0,"",SUMPRODUCT(Q10:R10,$Q$4:$R$4)/SUMPRODUCT(--ISNUMBER(Q10:R10),$Q$4:$R$4)) | Q10: =IF(Q$5="","",CHOOSE(Q$5,KA1!$R11,KA2!$R11,KA3!$R11,KA4!$R11,KA5!$R11,KA6!$R11)) | R10: =IF(R$5="","",CHOOSE(R$5,KA1!$R11,KA2!$R11,KA3!$R11,KA4!$R11,KA5!$R11,KA6!$R11)) | S10: =IF(SUMPRODUCT(--ISNUMBER(T10:Y10),$T$4:$Y$4)=0,"",SUMPRODUCT(T10:Y10,$T$4:$Y$4)/SUMPRODUCT(--ISNUMBER(T10:Y10),$T$4:$Y$4)) | Z10: =IF(((--ISNUMBER(D10))*$D$4+(--ISNUMBER(E10))*$E$4)=0,"",(IFERROR(D10*$D$4,0)+IFERROR(E10*$E$4,0))/((--ISNUMBER(D10))*$D$4+(--ISNUMBER(E10))*$E$4)) | AA10: =IF(Z10="","",ROUND(Z10,0)) | AB10: =IF(AA10="","",INDEX(Notentabelle!$B$4:$B$19,AA10+1))
A11: 5 | B11: =IF(INDEX(Klassenliste!$B$6:$B$40,5)=0,"",INDEX(Klassenliste!$B$6:$B$40,5)) | C11: =IF(INDEX(Klassenliste!$C$6:$C$40,5)=0,"",INDEX(Klassenliste!$C$6:$C$40,5)) | D11: =IF(((--ISNUMBER(F11))*$F$4+(--ISNUMBER(I11))*$I$4)=0,"",(IFERROR(F11*$F$4,0)+IFERROR(I11*$I$4,0))/((--ISNUMBER(F11))*$F$4+(--ISNUMBER(I11))*$I$4)) | E11: =IF(((--ISNUMBER(P11))*$P$4+(--ISNUMBER(S11))*$S$4)=0,"",(IFERROR(P11*$P$4,0)+IFERROR(S11*$S$4,0))/((--ISNUMBER(P11))*$P$4+(--ISNUMBER(S11))*$S$4)) | F11: =IF(SUMPRODUCT(--ISNUMBER(G11:H11),$G$4:$H$4)=0,"",SUMPRODUCT(G11:H11,$G$4:$H$4)/SUMPRODUCT(--ISNUMBER(G11:H11),$G$4:$H$4)) | G11: =IF(G$5="","",CHOOSE(G$5,KA1!$R12,KA2!$R12,KA3!$R12,KA4!$R12,KA5!$R12,KA6!$R12)) | H11: =IF(H$5="","",CHOOSE(H$5,KA1!$R12,KA2!$R12,KA3!$R12,KA4!$R12,KA5!$R12,KA6!$R12)) | I11: =IF(SUMPRODUCT(--ISNUMBER(J11:O11),$J$4:$O$4)=0,"",SUMPRODUCT(J11:O11,$J$4:$O$4)/SUMPRODUCT(--ISNUMBER(J11:O11),$J$4:$O$4)) | P11: =IF(SUMPRODUCT(--ISNUMBER(Q11:R11),$Q$4:$R$4)=0,"",SUMPRODUCT(Q11:R11,$Q$4:$R$4)/SUMPRODUCT(--ISNUMBER(Q11:R11),$Q$4:$R$4)) | Q11: =IF(Q$5="","",CHOOSE(Q$5,KA1!$R12,KA2!$R12,KA3!$R12,KA4!$R12,KA5!$R12,KA6!$R12)) | R11: =IF(R$5="","",CHOOSE(R$5,KA1!$R12,KA2!$R12,KA3!$R12,KA4!$R12,KA5!$R12,KA6!$R12)) | S11: =IF(SUMPRODUCT(--ISNUMBER(T11:Y11),$T$4:$Y$4)=0,"",SUMPRODUCT(T11:Y11,$T$4:$Y$4)/SUMPRODUCT(--ISNUMBER(T11:Y11),$T$4:$Y$4)) | Z11: =IF(((--ISNUMBER(D11))*$D$4+(--ISNUMBER(E11))*$E$4)=0,"",(IFERROR(D11*$D$4,0)+IFERROR(E11*$E$4,0))/((--ISNUMBER(D11))*$D$4+(--ISNUMBER(E11))*$E$4)) | AA11: =IF(Z11="","",ROUND(Z11,0)) | AB11: =IF(AA11="","",INDEX(Notentabelle!$B$4:$B$19,AA11+1))
A12: 6 | B12: =IF(INDEX(Klassenliste!$B$6:$B$40,6)=0,"",INDEX(Klassenliste!$B$6:$B$40,6)) | C12: =IF(INDEX(Klassenliste!$C$6:$C$40,6)=0,"",INDEX(Klassenliste!$C$6:$C$40,6)) | D12: =IF(((--ISNUMBER(F12))*$F$4+(--ISNUMBER(I12))*$I$4)=0,"",(IFERROR(F12*$F$4,0)+IFERROR(I12*$I$4,0))/((--ISNUMBER(F12))*$F$4+(--ISNUMBER(I12))*$I$4)) | E12: =IF(((--ISNUMBER(P12))*$P$4+(--ISNUMBER(S12))*$S$4)=0,"",(IFERROR(P12*$P$4,0)+IFERROR(S12*$S$4,0))/((--ISNUMBER(P12))*$P$4+(--ISNUMBER(S12))*$S$4)) | F12: =IF(SUMPRODUCT(--ISNUMBER(G12:H12),$G$4:$H$4)=0,"",SUMPRODUCT(G12:H12,$G$4:$H$4)/SUMPRODUCT(--ISNUMBER(G12:H12),$G$4:$H$4)) | G12: =IF(G$5="","",CHOOSE(G$5,KA1!$R13,KA2!$R13,KA3!$R13,KA4!$R13,KA5!$R13,KA6!$R13)) | H12: =IF(H$5="","",CHOOSE(H$5,KA1!$R13,KA2!$R13,KA3!$R13,KA4!$R13,KA5!$R13,KA6!$R13)) | I12: =IF(SUMPRODUCT(--ISNUMBER(J12:O12),$J$4:$O$4)=0,"",SUMPRODUCT(J12:O12,$J$4:$O$4)/SUMPRODUCT(--ISNUMBER(J12:O12),$J$4:$O$4)) | P12: =IF(SUMPRODUCT(--ISNUMBER(Q12:R12),$Q$4:$R$4)=0,"",SUMPRODUCT(Q12:R12,$Q$4:$R$4)/SUMPRODUCT(--ISNUMBER(Q12:R12),$Q$4:$R$4)) | Q12: =IF(Q$5="","",CHOOSE(Q$5,KA1!$R13,KA2!$R13,KA3!$R13,KA4!$R13,KA5!$R13,KA6!$R13)) | R12: =IF(R$5="","",CHOOSE(R$5,KA1!$R13,KA2!$R13,KA3!$R13,KA4!$R13,KA5!$R13,KA6!$R13)) | S12: =IF(SUMPRODUCT(--ISNUMBER(T12:Y12),$T$4:$Y$4)=0,"",SUMPRODUCT(T12:Y12,$T$4:$Y$4)/SUMPRODUCT(--ISNUMBER(T12:Y12),$T$4:$Y$4)) | Z12: =IF(((--ISNUMBER(D12))*$D$4+(--ISNUMBER(E12))*$E$4)=0,"",(IFERROR(D12*$D$4,0)+IFERROR(E12*$E$4,0))/((--ISNUMBER(D12))*$D$4+(--ISNUMBER(E12))*$E$4)) | AA12: =IF(Z12="","",ROUND(Z12,0)) | AB12: =IF(AA12="","",INDEX(Notentabelle!$B$4:$B$19,AA12+1))
A13: 7 | B13: =IF(INDEX(Klassenliste!$B$6:$B$40,7)=0,"",INDEX(Klassenliste!$B$6:$B$40,7)) | C13: =IF(INDEX(Klassenliste!$C$6:$C$40,7)=0,"",INDEX(Klassenliste!$C$6:$C$40,7)) | D13: =IF(((--ISNUMBER(F13))*$F$4+(--ISNUMBER(I13))*$I$4)=0,"",(IFERROR(F13*$F$4,0)+IFERROR(I13*$I$4,0))/((--ISNUMBER(F13))*$F$4+(--ISNUMBER(I13))*$I$4)) | E13: =IF(((--ISNUMBER(P13))*$P$4+(--ISNUMBER(S13))*$S$4)=0,"",(IFERROR(P13*$P$4,0)+IFERROR(S13*$S$4,0))/((--ISNUMBER(P13))*$P$4+(--ISNUMBER(S13))*$S$4)) | F13: =IF(SUMPRODUCT(--ISNUMBER(G13:H13),$G$4:$H$4)=0,"",SUMPRODUCT(G13:H13,$G$4:$H$4)/SUMPRODUCT(--ISNUMBER(G13:H13),$G$4:$H$4)) | G13: =IF(G$5="","",CHOOSE(G$5,KA1!$R14,KA2!$R14,KA3!$R14,KA4!$R14,KA5!$R14,KA6!$R14)) | H13: =IF(H$5="","",CHOOSE(H$5,KA1!$R14,KA2!$R14,KA3!$R14,KA4!$R14,KA5!$R14,KA6!$R14)) | I13: =IF(SUMPRODUCT(--ISNUMBER(J13:O13),$J$4:$O$4)=0,"",SUMPRODUCT(J13:O13,$J$4:$O$4)/SUMPRODUCT(--ISNUMBER(J13:O13),$J$4:$O$4)) | P13: =IF(SUMPRODUCT(--ISNUMBER(Q13:R13),$Q$4:$R$4)=0,"",SUMPRODUCT(Q13:R13,$Q$4:$R$4)/SUMPRODUCT(--ISNUMBER(Q13:R13),$Q$4:$R$4)) | Q13: =IF(Q$5="","",CHOOSE(Q$5,KA1!$R14,KA2!$R14,KA3!$R14,KA4!$R14,KA5!$R14,KA6!$R14)) | R13: =IF(R$5="","",CHOOSE(R$5,KA1!$R14,KA2!$R14,KA3!$R14,KA4!$R14,KA5!$R14,KA6!$R14)) | S13: =IF(SUMPRODUCT(--ISNUMBER(T13:Y13),$T$4:$Y$4)=0,"",SUMPRODUCT(T13:Y13,$T$4:$Y$4)/SUMPRODUCT(--ISNUMBER(T13:Y13),$T$4:$Y$4)) | Z13: =IF(((--ISNUMBER(D13))*$D$4+(--ISNUMBER(E13))*$E$4)=0,"",(IFERROR(D13*$D$4,0)+IFERROR(E13*$E$4,0))/((--ISNUMBER(D13))*$D$4+(--ISNUMBER(E13))*$E$4)) | AA13: =IF(Z13="","",ROUND(Z13,0)) | AB13: =IF(AA13="","",INDEX(Notentabelle!$B$4:$B$19,AA13+1))
A14: 8 | B14: =IF(INDEX(Klassenliste!$B$6:$B$40,8)=0,"",INDEX(Klassenliste!$B$6:$B$40,8)) | C14: =IF(INDEX(Klassenliste!$C$6:$C$40,8)=0,"",INDEX(Klassenliste!$C$6:$C$40,8)) | D14: =IF(((--ISNUMBER(F14))*$F$4+(--ISNUMBER(I14))*$I$4)=0,"",(IFERROR(F14*$F$4,0)+IFERROR(I14*$I$4,0))/((--ISNUMBER(F14))*$F$4+(--ISNUMBER(I14))*$I$4)) | E14: =IF(((--ISNUMBER(P14))*$P$4+(--ISNUMBER(S14))*$S$4)=0,"",(IFERROR(P14*$P$4,0)+IFERROR(S14*$S$4,0))/((--ISNUMBER(P14))*$P$4+(--ISNUMBER(S14))*$S$4)) | F14: =IF(SUMPRODUCT(--ISNUMBER(G14:H14),$G$4:$H$4)=0,"",SUMPRODUCT(G14:H14,$G$4:$H$4)/SUMPRODUCT(--ISNUMBER(G14:H14),$G$4:$H$4)) | G14: =IF(G$5="","",CHOOSE(G$5,KA1!$R15,KA2!$R15,KA3!$R15,KA4!$R15,KA5!$R15,KA6!$R15)) | H14: =IF(H$5="","",CHOOSE(H$5,KA1!$R15,KA2!$R15,KA3!$R15,KA4!$R15,KA5!$R15,KA6!$R15)) | I14: =IF(SUMPRODUCT(--ISNUMBER(J14:O14),$J$4:$O$4)=0,"",SUMPRODUCT(J14:O14,$J$4:$O$4)/SUMPRODUCT(--ISNUMBER(J14:O14),$J$4:$O$4)) | P14: =IF(SUMPRODUCT(--ISNUMBER(Q14:R14),$Q$4:$R$4)=0,"",SUMPRODUCT(Q14:R14,$Q$4:$R$4)/SUMPRODUCT(--ISNUMBER(Q14:R14),$Q$4:$R$4)) | Q14: =IF(Q$5="","",CHOOSE(Q$5,KA1!$R15,KA2!$R15,KA3!$R15,KA4!$R15,KA5!$R15,KA6!$R15)) | R14: =IF(R$5="","",CHOOSE(R$5,KA1!$R15,KA2!$R15,KA3!$R15,KA4!$R15,KA5!$R15,KA6!$R15)) | S14: =IF(SUMPRODUCT(--ISNUMBER(T14:Y14),$T$4:$Y$4)=0,"",SUMPRODUCT(T14:Y14,$T$4:$Y$4)/SUMPRODUCT(--ISNUMBER(T14:Y14),$T$4:$Y$4)) | Z14: =IF(((--ISNUMBER(D14))*$D$4+(--ISNUMBER(E14))*$E$4)=0,"",(IFERROR(D14*$D$4,0)+IFERROR(E14*$E$4,0))/((--ISNUMBER(D14))*$D$4+(--ISNUMBER(E14))*$E$4)) | AA14: =IF(Z14="","",ROUND(Z14,0)) | AB14: =IF(AA14="","",INDEX(Notentabelle!$B$4:$B$19,AA14+1))
A15: 9 | B15: =IF(INDEX(Klassenliste!$B$6:$B$40,9)=0,"",INDEX(Klassenliste!$B$6:$B$40,9)) | C15: =IF(INDEX(Klassenliste!$C$6:$C$40,9)=0,"",INDEX(Klassenliste!$C$6:$C$40,9)) | D15: =IF(((--ISNUMBER(F15))*$F$4+(--ISNUMBER(I15))*$I$4)=0,"",(IFERROR(F15*$F$4,0)+IFERROR(I15*$I$4,0))/((--ISNUMBER(F15))*$F$4+(--ISNUMBER(I15))*$I$4)) | E15: =IF(((--ISNUMBER(P15))*$P$4+(--ISNUMBER(S15))*$S$4)=0,"",(IFERROR(P15*$P$4,0)+IFERROR(S15*$S$4,0))/((--ISNUMBER(P15))*$P$4+(--ISNUMBER(S15))*$S$4)) | F15: =IF(SUMPRODUCT(--ISNUMBER(G15:H15),$G$4:$H$4)=0,"",SUMPRODUCT(G15:H15,$G$4:$H$4)/SUMPRODUCT(--ISNUMBER(G15:H15),$G$4:$H$4)) | G15: =IF(G$5="","",CHOOSE(G$5,KA1!$R16,KA2!$R16,KA3!$R16,KA4!$R16,KA5!$R16,KA6!$R16)) | H15: =IF(H$5="","",CHOOSE(H$5,KA1!$R16,KA2!$R16,KA3!$R16,KA4!$R16,KA5!$R16,KA6!$R16)) | I15: =IF(SUMPRODUCT(--ISNUMBER(J15:O15),$J$4:$O$4)=0,"",SUMPRODUCT(J15:O15,$J$4:$O$4)/SUMPRODUCT(--ISNUMBER(J15:O15),$J$4:$O$4)) | P15: =IF(SUMPRODUCT(--ISNUMBER(Q15:R15),$Q$4:$R$4)=0,"",SUMPRODUCT(Q15:R15,$Q$4:$R$4)/SUMPRODUCT(--ISNUMBER(Q15:R15),$Q$4:$R$4)) | Q15: =IF(Q$5="","",CHOOSE(Q$5,KA1!$R16,KA2!$R16,KA3!$R16,KA4!$R16,KA5!$R16,KA6!$R16)) | R15: =IF(R$5="","",CHOOSE(R$5,KA1!$R16,KA2!$R16,KA3!$R16,KA4!$R16,KA5!$R16,KA6!$R16)) | S15: =IF(SUMPRODUCT(--ISNUMBER(T15:Y15),$T$4:$Y$4)=0,"",SUMPRODUCT(T15:Y15,$T$4:$Y$4)/SUMPRODUCT(--ISNUMBER(T15:Y15),$T$4:$Y$4)) | Z15: =IF(((--ISNUMBER(D15))*$D$4+(--ISNUMBER(E15))*$E$4)=0,"",(IFERROR(D15*$D$4,0)+IFERROR(E15*$E$4,0))/((--ISNUMBER(D15))*$D$4+(--ISNUMBER(E15))*$E$4)) | AA15: =IF(Z15="","",ROUND(Z15,0)) | AB15: =IF(AA15="","",INDEX(Notentabelle!$B$4:$B$19,AA15+1))
A16: 10 | B16: =IF(INDEX(Klassenliste!$B$6:$B$40,10)=0,"",INDEX(Klassenliste!$B$6:$B$40,10)) | C16: =IF(INDEX(Klassenliste!$C$6:$C$40,10)=0,"",INDEX(Klassenliste!$C$6:$C$40,10)) | D16: =IF(((--ISNUMBER(F16))*$F$4+(--ISNUMBER(I16))*$I$4)=0,"",(IFERROR(F16*$F$4,0)+IFERROR(I16*$I$4,0))/((--ISNUMBER(F16))*$F$4+(--ISNUMBER(I16))*$I$4)) | E16: =IF(((--ISNUMBER(P16))*$P$4+(--ISNUMBER(S16))*$S$4)=0,"",(IFERROR(P16*$P$4,0)+IFERROR(S16*$S$4,0))/((--ISNUMBER(P16))*$P$4+(--ISNUMBER(S16))*$S$4)) | F16: =IF(SUMPRODUCT(--ISNUMBER(G16:H16),$G$4:$H$4)=0,"",SUMPRODUCT(G16:H16,$G$4:$H$4)/SUMPRODUCT(--ISNUMBER(G16:H16),$G$4:$H$4)) | G16: =IF(G$5="","",CHOOSE(G$5,KA1!$R17,KA2!$R17,KA3!$R17,KA4!$R17,KA5!$R17,KA6!$R17)) | H16: =IF(H$5="","",CHOOSE(H$5,KA1!$R17,KA2!$R17,KA3!$R17,KA4!$R17,KA5!$R17,KA6!$R17)) | I16: =IF(SUMPRODUCT(--ISNUMBER(J16:O16),$J$4:$O$4)=0,"",SUMPRODUCT(J16:O16,$J$4:$O$4)/SUMPRODUCT(--ISNUMBER(J16:O16),$J$4:$O$4)) | P16: =IF(SUMPRODUCT(--ISNUMBER(Q16:R16),$Q$4:$R$4)=0,"",SUMPRODUCT(Q16:R16,$Q$4:$R$4)/SUMPRODUCT(--ISNUMBER(Q16:R16),$Q$4:$R$4)) | Q16: =IF(Q$5="","",CHOOSE(Q$5,KA1!$R17,KA2!$R17,KA3!$R17,KA4!$R17,KA5!$R17,KA6!$R17)) | R16: =IF(R$5="","",CHOOSE(R$5,KA1!$R17,KA2!$R17,KA3!$R17,KA4!$R17,KA5!$R17,KA6!$R17)) | S16: =IF(SUMPRODUCT(--ISNUMBER(T16:Y16),$T$4:$Y$4)=0,"",SUMPRODUCT(T16:Y16,$T$4:$Y$4)/SUMPRODUCT(--ISNUMBER(T16:Y16),$T$4:$Y$4)) | Z16: =IF(((--ISNUMBER(D16))*$D$4+(--ISNUMBER(E16))*$E$4)=0,"",(IFERROR(D16*$D$4,0)+IFERROR(E16*$E$4,0))/((--ISNUMBER(D16))*$D$4+(--ISNUMBER(E16))*$E$4)) | AA16: =IF(Z16="","",ROUND(Z16,0)) | AB16: =IF(AA16="","",INDEX(Notentabelle!$B$4:$B$19,AA16+1))
A17: 11 | B17: =IF(INDEX(Klassenliste!$B$6:$B$40,11)=0,"",INDEX(Klassenliste!$B$6:$B$40,11)) | C17: =IF(INDEX(Klassenliste!$C$6:$C$40,11)=0,"",INDEX(Klassenliste!$C$6:$C$40,11)) | D17: =IF(((--ISNUMBER(F17))*$F$4+(--ISNUMBER(I17))*$I$4)=0,"",(IFERROR(F17*$F$4,0)+IFERROR(I17*$I$4,0))/((--ISNUMBER(F17))*$F$4+(--ISNUMBER(I17))*$I$4)) | E17: =IF(((--ISNUMBER(P17))*$P$4+(--ISNUMBER(S17))*$S$4)=0,"",(IFERROR(P17*$P$4,0)+IFERROR(S17*$S$4,0))/((--ISNUMBER(P17))*$P$4+(--ISNUMBER(S17))*$S$4)) | F17: =IF(SUMPRODUCT(--ISNUMBER(G17:H17),$G$4:$H$4)=0,"",SUMPRODUCT(G17:H17,$G$4:$H$4)/SUMPRODUCT(--ISNUMBER(G17:H17),$G$4:$H$4)) | G17: =IF(G$5="","",CHOOSE(G$5,KA1!$R18,KA2!$R18,KA3!$R18,KA4!$R18,KA5!$R18,KA6!$R18)) | H17: =IF(H$5="","",CHOOSE(H$5,KA1!$R18,KA2!$R18,KA3!$R18,KA4!$R18,KA5!$R18,KA6!$R18)) | I17: =IF(SUMPRODUCT(--ISNUMBER(J17:O17),$J$4:$O$4)=0,"",SUMPRODUCT(J17:O17,$J$4:$O$4)/SUMPRODUCT(--ISNUMBER(J17:O17),$J$4:$O$4)) | P17: =IF(SUMPRODUCT(--ISNUMBER(Q17:R17),$Q$4:$R$4)=0,"",SUMPRODUCT(Q17:R17,$Q$4:$R$4)/SUMPRODUCT(--ISNUMBER(Q17:R17),$Q$4:$R$4)) | Q17: =IF(Q$5="","",CHOOSE(Q$5,KA1!$R18,KA2!$R18,KA3!$R18,KA4!$R18,KA5!$R18,KA6!$R18)) | R17: =IF(R$5="","",CHOOSE(R$5,KA1!$R18,KA2!$R18,KA3!$R18,KA4!$R18,KA5!$R18,KA6!$R18)) | S17: =IF(SUMPRODUCT(--ISNUMBER(T17:Y17),$T$4:$Y$4)=0,"",SUMPRODUCT(T17:Y17,$T$4:$Y$4)/SUMPRODUCT(--ISNUMBER(T17:Y17),$T$4:$Y$4)) | Z17: =IF(((--ISNUMBER(D17))*$D$4+(--ISNUMBER(E17))*$E$4)=0,"",(IFERROR(D17*$D$4,0)+IFERROR(E17*$E$4,0))/((--ISNUMBER(D17))*$D$4+(--ISNUMBER(E17))*$E$4)) | AA17: =IF(Z17="","",ROUND(Z17,0)) | AB17: =IF(AA17="","",INDEX(Notentabelle!$B$4:$B$19,AA17+1))
A18: 12 | B18: =IF(INDEX(Klassenliste!$B$6:$B$40,12)=0,"",INDEX(Klassenliste!$B$6:$B$40,12)) | C18: =IF(INDEX(Klassenliste!$C$6:$C$40,12)=0,"",INDEX(Klassenliste!$C$6:$C$40,12)) | D18: =IF(((--ISNUMBER(F18))*$F$4+(--ISNUMBER(I18))*$I$4)=0,"",(IFERROR(F18*$F$4,0)+IFERROR(I18*$I$4,0))/((--ISNUMBER(F18))*$F$4+(--ISNUMBER(I18))*$I$4)) | E18: =IF(((--ISNUMBER(P18))*$P$4+(--ISNUMBER(S18))*$S$4)=0,"",(IFERROR(P18*$P$4,0)+IFERROR(S18*$S$4,0))/((--ISNUMBER(P18))*$P$4+(--ISNUMBER(S18))*$S$4)) | F18: =IF(SUMPRODUCT(--ISNUMBER(G18:H18),$G$4:$H$4)=0,"",SUMPRODUCT(G18:H18,$G$4:$H$4)/SUMPRODUCT(--ISNUMBER(G18:H18),$G$4:$H$4)) | G18: =IF(G$5="","",CHOOSE(G$5,KA1!$R19,KA2!$R19,KA3!$R19,KA4!$R19,KA5!$R19,KA6!$R19)) | H18: =IF(H$5="","",CHOOSE(H$5,KA1!$R19,KA2!$R19,KA3!$R19,KA4!$R19,KA5!$R19,KA6!$R19)) | I18: =IF(SUMPRODUCT(--ISNUMBER(J18:O18),$J$4:$O$4)=0,"",SUMPRODUCT(J18:O18,$J$4:$O$4)/SUMPRODUCT(--ISNUMBER(J18:O18),$J$4:$O$4)) | P18: =IF(SUMPRODUCT(--ISNUMBER(Q18:R18),$Q$4:$R$4)=0,"",SUMPRODUCT(Q18:R18,$Q$4:$R$4)/SUMPRODUCT(--ISNUMBER(Q18:R18),$Q$4:$R$4)) | Q18: =IF(Q$5="","",CHOOSE(Q$5,KA1!$R19,KA2!$R19,KA3!$R19,KA4!$R19,KA5!$R19,KA6!$R19)) | R18: =IF(R$5="","",CHOOSE(R$5,KA1!$R19,KA2!$R19,KA3!$R19,KA4!$R19,KA5!$R19,KA6!$R19)) | S18: =IF(SUMPRODUCT(--ISNUMBER(T18:Y18),$T$4:$Y$4)=0,"",SUMPRODUCT(T18:Y18,$T$4:$Y$4)/SUMPRODUCT(--ISNUMBER(T18:Y18),$T$4:$Y$4)) | Z18: =IF(((--ISNUMBER(D18))*$D$4+(--ISNUMBER(E18))*$E$4)=0,"",(IFERROR(D18*$D$4,0)+IFERROR(E18*$E$4,0))/((--ISNUMBER(D18))*$D$4+(--ISNUMBER(E18))*$E$4)) | AA18: =IF(Z18="","",ROUND(Z18,0)) | AB18: =IF(AA18="","",INDEX(Notentabelle!$B$4:$B$19,AA18+1))
A19: 13 | B19: =IF(INDEX(Klassenliste!$B$6:$B$40,13)=0,"",INDEX(Klassenliste!$B$6:$B$40,13)) | C19: =IF(INDEX(Klassenliste!$C$6:$C$40,13)=0,"",INDEX(Klassenliste!$C$6:$C$40,13)) | D19: =IF(((--ISNUMBER(F19))*$F$4+(--ISNUMBER(I19))*$I$4)=0,"",(IFERROR(F19*$F$4,0)+IFERROR(I19*$I$4,0))/((--ISNUMBER(F19))*$F$4+(--ISNUMBER(I19))*$I$4)) | E19: =IF(((--ISNUMBER(P19))*$P$4+(--ISNUMBER(S19))*$S$4)=0,"",(IFERROR(P19*$P$4,0)+IFERROR(S19*$S$4,0))/((--ISNUMBER(P19))*$P$4+(--ISNUMBER(S19))*$S$4)) | F19: =IF(SUMPRODUCT(--ISNUMBER(G19:H19),$G$4:$H$4)=0,"",SUMPRODUCT(G19:H19,$G$4:$H$4)/SUMPRODUCT(--ISNUMBER(G19:H19),$G$4:$H$4)) | G19: =IF(G$5="","",CHOOSE(G$5,KA1!$R20,KA2!$R20,KA3!$R20,KA4!$R20,KA5!$R20,KA6!$R20)) | H19: =IF(H$5="","",CHOOSE(H$5,KA1!$R20,KA2!$R20,KA3!$R20,KA4!$R20,KA5!$R20,KA6!$R20)) | I19: =IF(SUMPRODUCT(--ISNUMBER(J19:O19),$J$4:$O$4)=0,"",SUMPRODUCT(J19:O19,$J$4:$O$4)/SUMPRODUCT(--ISNUMBER(J19:O19),$J$4:$O$4)) | P19: =IF(SUMPRODUCT(--ISNUMBER(Q19:R19),$Q$4:$R$4)=0,"",SUMPRODUCT(Q19:R19,$Q$4:$R$4)/SUMPRODUCT(--ISNUMBER(Q19:R19),$Q$4:$R$4)) | Q19: =IF(Q$5="","",CHOOSE(Q$5,KA1!$R20,KA2!$R20,KA3!$R20,KA4!$R20,KA5!$R20,KA6!$R20)) | R19: =IF(R$5="","",CHOOSE(R$5,KA1!$R20,KA2!$R20,KA3!$R20,KA4!$R20,KA5!$R20,KA6!$R20)) | S19: =IF(SUMPRODUCT(--ISNUMBER(T19:Y19),$T$4:$Y$4)=0,"",SUMPRODUCT(T19:Y19,$T$4:$Y$4)/SUMPRODUCT(--ISNUMBER(T19:Y19),$T$4:$Y$4)) | Z19: =IF(((--ISNUMBER(D19))*$D$4+(--ISNUMBER(E19))*$E$4)=0,"",(IFERROR(D19*$D$4,0)+IFERROR(E19*$E$4,0))/((--ISNUMBER(D19))*$D$4+(--ISNUMBER(E19))*$E$4)) | AA19: =IF(Z19="","",ROUND(Z19,0)) | AB19: =IF(AA19="","",INDEX(Notentabelle!$B$4:$B$19,AA19+1))
A20: 14 | B20: =IF(INDEX(Klassenliste!$B$6:$B$40,14)=0,"",INDEX(Klassenliste!$B$6:$B$40,14)) | C20: =IF(INDEX(Klassenliste!$C$6:$C$40,14)=0,"",INDEX(Klassenliste!$C$6:$C$40,14)) | D20: =IF(((--ISNUMBER(F20))*$F$4+(--ISNUMBER(I20))*$I$4)=0,"",(IFERROR(F20*$F$4,0)+IFERROR(I20*$I$4,0))/((--ISNUMBER(F20))*$F$4+(--ISNUMBER(I20))*$I$4)) | E20: =IF(((--ISNUMBER(P20))*$P$4+(--ISNUMBER(S20))*$S$4)=0,"",(IFERROR(P20*$P$4,0)+IFERROR(S20*$S$4,0))/((--ISNUMBER(P20))*$P$4+(--ISNUMBER(S20))*$S$4)) | F20: =IF(SUMPRODUCT(--ISNUMBER(G20:H20),$G$4:$H$4)=0,"",SUMPRODUCT(G20:H20,$G$4:$H$4)/SUMPRODUCT(--ISNUMBER(G20:H20),$G$4:$H$4)) | G20: =IF(G$5="","",CHOOSE(G$5,KA1!$R21,KA2!$R21,KA3!$R21,KA4!$R21,KA5!$R21,KA6!$R21)) | H20: =IF(H$5="","",CHOOSE(H$5,KA1!$R21,KA2!$R21,KA3!$R21,KA4!$R21,KA5!$R21,KA6!$R21)) | I20: =IF(SUMPRODUCT(--ISNUMBER(J20:O20),$J$4:$O$4)=0,"",SUMPRODUCT(J20:O20,$J$4:$O$4)/SUMPRODUCT(--ISNUMBER(J20:O20),$J$4:$O$4)) | P20: =IF(SUMPRODUCT(--ISNUMBER(Q20:R20),$Q$4:$R$4)=0,"",SUMPRODUCT(Q20:R20,$Q$4:$R$4)/SUMPRODUCT(--ISNUMBER(Q20:R20),$Q$4:$R$4)) | Q20: =IF(Q$5="","",CHOOSE(Q$5,KA1!$R21,KA2!$R21,KA3!$R21,KA4!$R21,KA5!$R21,KA6!$R21)) | R20: =IF(R$5="","",CHOOSE(R$5,KA1!$R21,KA2!$R21,KA3!$R21,KA4!$R21,KA5!$R21,KA6!$R21)) | S20: =IF(SUMPRODUCT(--ISNUMBER(T20:Y20),$T$4:$Y$4)=0,"",SUMPRODUCT(T20:Y20,$T$4:$Y$4)/SUMPRODUCT(--ISNUMBER(T20:Y20),$T$4:$Y$4)) | Z20: =IF(((--ISNUMBER(D20))*$D$4+(--ISNUMBER(E20))*$E$4)=0,"",(IFERROR(D20*$D$4,0)+IFERROR(E20*$E$4,0))/((--ISNUMBER(D20))*$D$4+(--ISNUMBER(E20))*$E$4)) | AA20: =IF(Z20="","",ROUND(Z20,0)) | AB20: =IF(AA20="","",INDEX(Notentabelle!$B$4:$B$19,AA20+1))
A21: 15 | B21: =IF(INDEX(Klassenliste!$B$6:$B$40,15)=0,"",INDEX(Klassenliste!$B$6:$B$40,15)) | C21: =IF(INDEX(Klassenliste!$C$6:$C$40,15)=0,"",INDEX(Klassenliste!$C$6:$C$40,15)) | D21: =IF(((--ISNUMBER(F21))*$F$4+(--ISNUMBER(I21))*$I$4)=0,"",(IFERROR(F21*$F$4,0)+IFERROR(I21*$I$4,0))/((--ISNUMBER(F21))*$F$4+(--ISNUMBER(I21))*$I$4)) | E21: =IF(((--ISNUMBER(P21))*$P$4+(--ISNUMBER(S21))*$S$4)=0,"",(IFERROR(P21*$P$4,0)+IFERROR(S21*$S$4,0))/((--ISNUMBER(P21))*$P$4+(--ISNUMBER(S21))*$S$4)) | F21: =IF(SUMPRODUCT(--ISNUMBER(G21:H21),$G$4:$H$4)=0,"",SUMPRODUCT(G21:H21,$G$4:$H$4)/SUMPRODUCT(--ISNUMBER(G21:H21),$G$4:$H$4)) | G21: =IF(G$5="","",CHOOSE(G$5,KA1!$R22,KA2!$R22,KA3!$R22,KA4!$R22,KA5!$R22,KA6!$R22)) | H21: =IF(H$5="","",CHOOSE(H$5,KA1!$R22,KA2!$R22,KA3!$R22,KA4!$R22,KA5!$R22,KA6!$R22)) | I21: =IF(SUMPRODUCT(--ISNUMBER(J21:O21),$J$4:$O$4)=0,"",SUMPRODUCT(J21:O21,$J$4:$O$4)/SUMPRODUCT(--ISNUMBER(J21:O21),$J$4:$O$4)) | P21: =IF(SUMPRODUCT(--ISNUMBER(Q21:R21),$Q$4:$R$4)=0,"",SUMPRODUCT(Q21:R21,$Q$4:$R$4)/SUMPRODUCT(--ISNUMBER(Q21:R21),$Q$4:$R$4)) | Q21: =IF(Q$5="","",CHOOSE(Q$5,KA1!$R22,KA2!$R22,KA3!$R22,KA4!$R22,KA5!$R22,KA6!$R22)) | R21: =IF(R$5="","",CHOOSE(R$5,KA1!$R22,KA2!$R22,KA3!$R22,KA4!$R22,KA5!$R22,KA6!$R22)) | S21: =IF(SUMPRODUCT(--ISNUMBER(T21:Y21),$T$4:$Y$4)=0,"",SUMPRODUCT(T21:Y21,$T$4:$Y$4)/SUMPRODUCT(--ISNUMBER(T21:Y21),$T$4:$Y$4)) | Z21: =IF(((--ISNUMBER(D21))*$D$4+(--ISNUMBER(E21))*$E$4)=0,"",(IFERROR(D21*$D$4,0)+IFERROR(E21*$E$4,0))/((--ISNUMBER(D21))*$D$4+(--ISNUMBER(E21))*$E$4)) | AA21: =IF(Z21="","",ROUND(Z21,0)) | AB21: =IF(AA21="","",INDEX(Notentabelle!$B$4:$B$19,AA21+1))
A22: 16 | B22: =IF(INDEX(Klassenliste!$B$6:$B$40,16)=0,"",INDEX(Klassenliste!$B$6:$B$40,16)) | C22: =IF(INDEX(Klassenliste!$C$6:$C$40,16)=0,"",INDEX(Klassenliste!$C$6:$C$40,16)) | D22: =IF(((--ISNUMBER(F22))*$F$4+(--ISNUMBER(I22))*$I$4)=0,"",(IFERROR(F22*$F$4,0)+IFERROR(I22*$I$4,0))/((--ISNUMBER(F22))*$F$4+(--ISNUMBER(I22))*$I$4)) | E22: =IF(((--ISNUMBER(P22))*$P$4+(--ISNUMBER(S22))*$S$4)=0,"",(IFERROR(P22*$P$4,0)+IFERROR(S22*$S$4,0))/((--ISNUMBER(P22))*$P$4+(--ISNUMBER(S22))*$S$4)) | F22: =IF(SUMPRODUCT(--ISNUMBER(G22:H22),$G$4:$H$4)=0,"",SUMPRODUCT(G22:H22,$G$4:$H$4)/SUMPRODUCT(--ISNUMBER(G22:H22),$G$4:$H$4)) | G22: =IF(G$5="","",CHOOSE(G$5,KA1!$R23,KA2!$R23,KA3!$R23,KA4!$R23,KA5!$R23,KA6!$R23)) | H22: =IF(H$5="","",CHOOSE(H$5,KA1!$R23,KA2!$R23,KA3!$R23,KA4!$R23,KA5!$R23,KA6!$R23)) | I22: =IF(SUMPRODUCT(--ISNUMBER(J22:O22),$J$4:$O$4)=0,"",SUMPRODUCT(J22:O22,$J$4:$O$4)/SUMPRODUCT(--ISNUMBER(J22:O22),$J$4:$O$4)) | P22: =IF(SUMPRODUCT(--ISNUMBER(Q22:R22),$Q$4:$R$4)=0,"",SUMPRODUCT(Q22:R22,$Q$4:$R$4)/SUMPRODUCT(--ISNUMBER(Q22:R22),$Q$4:$R$4)) | Q22: =IF(Q$5="","",CHOOSE(Q$5,KA1!$R23,KA2!$R23,KA3!$R23,KA4!$R23,KA5!$R23,KA6!$R23)) | R22: =IF(R$5="","",CHOOSE(R$5,KA1!$R23,KA2!$R23,KA3!$R23,KA4!$R23,KA5!$R23,KA6!$R23)) | S22: =IF(SUMPRODUCT(--ISNUMBER(T22:Y22),$T$4:$Y$4)=0,"",SUMPRODUCT(T22:Y22,$T$4:$Y$4)/SUMPRODUCT(--ISNUMBER(T22:Y22),$T$4:$Y$4)) | Z22: =IF(((--ISNUMBER(D22))*$D$4+(--ISNUMBER(E22))*$E$4)=0,"",(IFERROR(D22*$D$4,0)+IFERROR(E22*$E$4,0))/((--ISNUMBER(D22))*$D$4+(--ISNUMBER(E22))*$E$4)) | AA22: =IF(Z22="","",ROUND(Z22,0)) | AB22: =IF(AA22="","",INDEX(Notentabelle!$B$4:$B$19,AA22+1))
A23: 17 | B23: =IF(INDEX(Klassenliste!$B$6:$B$40,17)=0,"",INDEX(Klassenliste!$B$6:$B$40,17)) | C23: =IF(INDEX(Klassenliste!$C$6:$C$40,17)=0,"",INDEX(Klassenliste!$C$6:$C$40,17)) | D23: =IF(((--ISNUMBER(F23))*$F$4+(--ISNUMBER(I23))*$I$4)=0,"",(IFERROR(F23*$F$4,0)+IFERROR(I23*$I$4,0))/((--ISNUMBER(F23))*$F$4+(--ISNUMBER(I23))*$I$4)) | E23: =IF(((--ISNUMBER(P23))*$P$4+(--ISNUMBER(S23))*$S$4)=0,"",(IFERROR(P23*$P$4,0)+IFERROR(S23*$S$4,0))/((--ISNUMBER(P23))*$P$4+(--ISNUMBER(S23))*$S$4)) | F23: =IF(SUMPRODUCT(--ISNUMBER(G23:H23),$G$4:$H$4)=0,"",SUMPRODUCT(G23:H23,$G$4:$H$4)/SUMPRODUCT(--ISNUMBER(G23:H23),$G$4:$H$4)) | G23: =IF(G$5="","",CHOOSE(G$5,KA1!$R24,KA2!$R24,KA3!$R24,KA4!$R24,KA5!$R24,KA6!$R24)) | H23: =IF(H$5="","",CHOOSE(H$5,KA1!$R24,KA2!$R24,KA3!$R24,KA4!$R24,KA5!$R24,KA6!$R24)) | I23: =IF(SUMPRODUCT(--ISNUMBER(J23:O23),$J$4:$O$4)=0,"",SUMPRODUCT(J23:O23,$J$4:$O$4)/SUMPRODUCT(--ISNUMBER(J23:O23),$J$4:$O$4)) | P23: =IF(SUMPRODUCT(--ISNUMBER(Q23:R23),$Q$4:$R$4)=0,"",SUMPRODUCT(Q23:R23,$Q$4:$R$4)/SUMPRODUCT(--ISNUMBER(Q23:R23),$Q$4:$R$4)) | Q23: =IF(Q$5="","",CHOOSE(Q$5,KA1!$R24,KA2!$R24,KA3!$R24,KA4!$R24,KA5!$R24,KA6!$R24)) | R23: =IF(R$5="","",CHOOSE(R$5,KA1!$R24,KA2!$R24,KA3!$R24,KA4!$R24,KA5!$R24,KA6!$R24)) | S23: =IF(SUMPRODUCT(--ISNUMBER(T23:Y23),$T$4:$Y$4)=0,"",SUMPRODUCT(T23:Y23,$T$4:$Y$4)/SUMPRODUCT(--ISNUMBER(T23:Y23),$T$4:$Y$4)) | Z23: =IF(((--ISNUMBER(D23))*$D$4+(--ISNUMBER(E23))*$E$4)=0,"",(IFERROR(D23*$D$4,0)+IFERROR(E23*$E$4,0))/((--ISNUMBER(D23))*$D$4+(--ISNUMBER(E23))*$E$4)) | AA23: =IF(Z23="","",ROUND(Z23,0)) | AB23: =IF(AA23="","",INDEX(Notentabelle!$B$4:$B$19,AA23+1))
A24: 18 | B24: =IF(INDEX(Klassenliste!$B$6:$B$40,18)=0,"",INDEX(Klassenliste!$B$6:$B$40,18)) | C24: =IF(INDEX(Klassenliste!$C$6:$C$40,18)=0,"",INDEX(Klassenliste!$C$6:$C$40,18)) | D24: =IF(((--ISNUMBER(F24))*$F$4+(--ISNUMBER(I24))*$I$4)=0,"",(IFERROR(F24*$F$4,0)+IFERROR(I24*$I$4,0))/((--ISNUMBER(F24))*$F$4+(--ISNUMBER(I24))*$I$4)) | E24: =IF(((--ISNUMBER(P24))*$P$4+(--ISNUMBER(S24))*$S$4)=0,"",(IFERROR(P24*$P$4,0)+IFERROR(S24*$S$4,0))/((--ISNUMBER(P24))*$P$4+(--ISNUMBER(S24))*$S$4)) | F24: =IF(SUMPRODUCT(--ISNUMBER(G24:H24),$G$4:$H$4)=0,"",SUMPRODUCT(G24:H24,$G$4:$H$4)/SUMPRODUCT(--ISNUMBER(G24:H24),$G$4:$H$4)) | G24: =IF(G$5="","",CHOOSE(G$5,KA1!$R25,KA2!$R25,KA3!$R25,KA4!$R25,KA5!$R25,KA6!$R25)) | H24: =IF(H$5="","",CHOOSE(H$5,KA1!$R25,KA2!$R25,KA3!$R25,KA4!$R25,KA5!$R25,KA6!$R25)) | I24: =IF(SUMPRODUCT(--ISNUMBER(J24:O24),$J$4:$O$4)=0,"",SUMPRODUCT(J24:O24,$J$4:$O$4)/SUMPRODUCT(--ISNUMBER(J24:O24),$J$4:$O$4)) | P24: =IF(SUMPRODUCT(--ISNUMBER(Q24:R24),$Q$4:$R$4)=0,"",SUMPRODUCT(Q24:R24,$Q$4:$R$4)/SUMPRODUCT(--ISNUMBER(Q24:R24),$Q$4:$R$4)) | Q24: =IF(Q$5="","",CHOOSE(Q$5,KA1!$R25,KA2!$R25,KA3!$R25,KA4!$R25,KA5!$R25,KA6!$R25)) | R24: =IF(R$5="","",CHOOSE(R$5,KA1!$R25,KA2!$R25,KA3!$R25,KA4!$R25,KA5!$R25,KA6!$R25)) | S24: =IF(SUMPRODUCT(--ISNUMBER(T24:Y24),$T$4:$Y$4)=0,"",SUMPRODUCT(T24:Y24,$T$4:$Y$4)/SUMPRODUCT(--ISNUMBER(T24:Y24),$T$4:$Y$4)) | Z24: =IF(((--ISNUMBER(D24))*$D$4+(--ISNUMBER(E24))*$E$4)=0,"",(IFERROR(D24*$D$4,0)+IFERROR(E24*$E$4,0))/((--ISNUMBER(D24))*$D$4+(--ISNUMBER(E24))*$E$4)) | AA24: =IF(Z24="","",ROUND(Z24,0)) | AB24: =IF(AA24="","",INDEX(Notentabelle!$B$4:$B$19,AA24+1))
A25: 19 | B25: =IF(INDEX(Klassenliste!$B$6:$B$40,19)=0,"",INDEX(Klassenliste!$B$6:$B$40,19)) | C25: =IF(INDEX(Klassenliste!$C$6:$C$40,19)=0,"",INDEX(Klassenliste!$C$6:$C$40,19)) | D25: =IF(((--ISNUMBER(F25))*$F$4+(--ISNUMBER(I25))*$I$4)=0,"",(IFERROR(F25*$F$4,0)+IFERROR(I25*$I$4,0))/((--ISNUMBER(F25))*$F$4+(--ISNUMBER(I25))*$I$4)) | E25: =IF(((--ISNUMBER(P25))*$P$4+(--ISNUMBER(S25))*$S$4)=0,"",(IFERROR(P25*$P$4,0)+IFERROR(S25*$S$4,0))/((--ISNUMBER(P25))*$P$4+(--ISNUMBER(S25))*$S$4)) | F25: =IF(SUMPRODUCT(--ISNUMBER(G25:H25),$G$4:$H$4)=0,"",SUMPRODUCT(G25:H25,$G$4:$H$4)/SUMPRODUCT(--ISNUMBER(G25:H25),$G$4:$H$4)) | G25: =IF(G$5="","",CHOOSE(G$5,KA1!$R26,KA2!$R26,KA3!$R26,KA4!$R26,KA5!$R26,KA6!$R26)) | H25: =IF(H$5="","",CHOOSE(H$5,KA1!$R26,KA2!$R26,KA3!$R26,KA4!$R26,KA5!$R26,KA6!$R26)) | I25: =IF(SUMPRODUCT(--ISNUMBER(J25:O25),$J$4:$O$4)=0,"",SUMPRODUCT(J25:O25,$J$4:$O$4)/SUMPRODUCT(--ISNUMBER(J25:O25),$J$4:$O$4)) | P25: =IF(SUMPRODUCT(--ISNUMBER(Q25:R25),$Q$4:$R$4)=0,"",SUMPRODUCT(Q25:R25,$Q$4:$R$4)/SUMPRODUCT(--ISNUMBER(Q25:R25),$Q$4:$R$4)) | Q25: =IF(Q$5="","",CHOOSE(Q$5,KA1!$R26,KA2!$R26,KA3!$R26,KA4!$R26,KA5!$R26,KA6!$R26)) | R25: =IF(R$5="","",CHOOSE(R$5,KA1!$R26,KA2!$R26,KA3!$R26,KA4!$R26,KA5!$R26,KA6!$R26)) | S25: =IF(SUMPRODUCT(--ISNUMBER(T25:Y25),$T$4:$Y$4)=0,"",SUMPRODUCT(T25:Y25,$T$4:$Y$4)/SUMPRODUCT(--ISNUMBER(T25:Y25),$T$4:$Y$4)) | Z25: =IF(((--ISNUMBER(D25))*$D$4+(--ISNUMBER(E25))*$E$4)=0,"",(IFERROR(D25*$D$4,0)+IFERROR(E25*$E$4,0))/((--ISNUMBER(D25))*$D$4+(--ISNUMBER(E25))*$E$4)) | AA25: =IF(Z25="","",ROUND(Z25,0)) | AB25: =IF(AA25="","",INDEX(Notentabelle!$B$4:$B$19,AA25+1))
A26: 20 | B26: =IF(INDEX(Klassenliste!$B$6:$B$40,20)=0,"",INDEX(Klassenliste!$B$6:$B$40,20)) | C26: =IF(INDEX(Klassenliste!$C$6:$C$40,20)=0,"",INDEX(Klassenliste!$C$6:$C$40,20)) | D26: =IF(((--ISNUMBER(F26))*$F$4+(--ISNUMBER(I26))*$I$4)=0,"",(IFERROR(F26*$F$4,0)+IFERROR(I26*$I$4,0))/((--ISNUMBER(F26))*$F$4+(--ISNUMBER(I26))*$I$4)) | E26: =IF(((--ISNUMBER(P26))*$P$4+(--ISNUMBER(S26))*$S$4)=0,"",(IFERROR(P26*$P$4,0)+IFERROR(S26*$S$4,0))/((--ISNUMBER(P26))*$P$4+(--ISNUMBER(S26))*$S$4)) | F26: =IF(SUMPRODUCT(--ISNUMBER(G26:H26),$G$4:$H$4)=0,"",SUMPRODUCT(G26:H26,$G$4:$H$4)/SUMPRODUCT(--ISNUMBER(G26:H26),$G$4:$H$4)) | G26: =IF(G$5="","",CHOOSE(G$5,KA1!$R27,KA2!$R27,KA3!$R27,KA4!$R27,KA5!$R27,KA6!$R27)) | H26: =IF(H$5="","",CHOOSE(H$5,KA1!$R27,KA2!$R27,KA3!$R27,KA4!$R27,KA5!$R27,KA6!$R27)) | I26: =IF(SUMPRODUCT(--ISNUMBER(J26:O26),$J$4:$O$4)=0,"",SUMPRODUCT(J26:O26,$J$4:$O$4)/SUMPRODUCT(--ISNUMBER(J26:O26),$J$4:$O$4)) | P26: =IF(SUMPRODUCT(--ISNUMBER(Q26:R26),$Q$4:$R$4)=0,"",SUMPRODUCT(Q26:R26,$Q$4:$R$4)/SUMPRODUCT(--ISNUMBER(Q26:R26),$Q$4:$R$4)) | Q26: =IF(Q$5="","",CHOOSE(Q$5,KA1!$R27,KA2!$R27,KA3!$R27,KA4!$R27,KA5!$R27,KA6!$R27)) | R26: =IF(R$5="","",CHOOSE(R$5,KA1!$R27,KA2!$R27,KA3!$R27,KA4!$R27,KA5!$R27,KA6!$R27)) | S26: =IF(SUMPRODUCT(--ISNUMBER(T26:Y26),$T$4:$Y$4)=0,"",SUMPRODUCT(T26:Y26,$T$4:$Y$4)/SUMPRODUCT(--ISNUMBER(T26:Y26),$T$4:$Y$4)) | Z26: =IF(((--ISNUMBER(D26))*$D$4+(--ISNUMBER(E26))*$E$4)=0,"",(IFERROR(D26*$D$4,0)+IFERROR(E26*$E$4,0))/((--ISNUMBER(D26))*$D$4+(--ISNUMBER(E26))*$E$4)) | AA26: =IF(Z26="","",ROUND(Z26,0)) | AB26: =IF(AA26="","",INDEX(Notentabelle!$B$4:$B$19,AA26+1))
A27: 21 | B27: =IF(INDEX(Klassenliste!$B$6:$B$40,21)=0,"",INDEX(Klassenliste!$B$6:$B$40,21)) | C27: =IF(INDEX(Klassenliste!$C$6:$C$40,21)=0,"",INDEX(Klassenliste!$C$6:$C$40,21)) | D27: =IF(((--ISNUMBER(F27))*$F$4+(--ISNUMBER(I27))*$I$4)=0,"",(IFERROR(F27*$F$4,0)+IFERROR(I27*$I$4,0))/((--ISNUMBER(F27))*$F$4+(--ISNUMBER(I27))*$I$4)) | E27: =IF(((--ISNUMBER(P27))*$P$4+(--ISNUMBER(S27))*$S$4)=0,"",(IFERROR(P27*$P$4,0)+IFERROR(S27*$S$4,0))/((--ISNUMBER(P27))*$P$4+(--ISNUMBER(S27))*$S$4)) | F27: =IF(SUMPRODUCT(--ISNUMBER(G27:H27),$G$4:$H$4)=0,"",SUMPRODUCT(G27:H27,$G$4:$H$4)/SUMPRODUCT(--ISNUMBER(G27:H27),$G$4:$H$4)) | G27: =IF(G$5="","",CHOOSE(G$5,KA1!$R28,KA2!$R28,KA3!$R28,KA4!$R28,KA5!$R28,KA6!$R28)) | H27: =IF(H$5="","",CHOOSE(H$5,KA1!$R28,KA2!$R28,KA3!$R28,KA4!$R28,KA5!$R28,KA6!$R28)) | I27: =IF(SUMPRODUCT(--ISNUMBER(J27:O27),$J$4:$O$4)=0,"",SUMPRODUCT(J27:O27,$J$4:$O$4)/SUMPRODUCT(--ISNUMBER(J27:O27),$J$4:$O$4)) | P27: =IF(SUMPRODUCT(--ISNUMBER(Q27:R27),$Q$4:$R$4)=0,"",SUMPRODUCT(Q27:R27,$Q$4:$R$4)/SUMPRODUCT(--ISNUMBER(Q27:R27),$Q$4:$R$4)) | Q27: =IF(Q$5="","",CHOOSE(Q$5,KA1!$R28,KA2!$R28,KA3!$R28,KA4!$R28,KA5!$R28,KA6!$R28)) | R27: =IF(R$5="","",CHOOSE(R$5,KA1!$R28,KA2!$R28,KA3!$R28,KA4!$R28,KA5!$R28,KA6!$R28)) | S27: =IF(SUMPRODUCT(--ISNUMBER(T27:Y27),$T$4:$Y$4)=0,"",SUMPRODUCT(T27:Y27,$T$4:$Y$4)/SUMPRODUCT(--ISNUMBER(T27:Y27),$T$4:$Y$4)) | Z27: =IF(((--ISNUMBER(D27))*$D$4+(--ISNUMBER(E27))*$E$4)=0,"",(IFERROR(D27*$D$4,0)+IFERROR(E27*$E$4,0))/((--ISNUMBER(D27))*$D$4+(--ISNUMBER(E27))*$E$4)) | AA27: =IF(Z27="","",ROUND(Z27,0)) | AB27: =IF(AA27="","",INDEX(Notentabelle!$B$4:$B$19,AA27+1))
A28: 22 | B28: =IF(INDEX(Klassenliste!$B$6:$B$40,22)=0,"",INDEX(Klassenliste!$B$6:$B$40,22)) | C28: =IF(INDEX(Klassenliste!$C$6:$C$40,22)=0,"",INDEX(Klassenliste!$C$6:$C$40,22)) | D28: =IF(((--ISNUMBER(F28))*$F$4+(--ISNUMBER(I28))*$I$4)=0,"",(IFERROR(F28*$F$4,0)+IFERROR(I28*$I$4,0))/((--ISNUMBER(F28))*$F$4+(--ISNUMBER(I28))*$I$4)) | E28: =IF(((--ISNUMBER(P28))*$P$4+(--ISNUMBER(S28))*$S$4)=0,"",(IFERROR(P28*$P$4,0)+IFERROR(S28*$S$4,0))/((--ISNUMBER(P28))*$P$4+(--ISNUMBER(S28))*$S$4)) | F28: =IF(SUMPRODUCT(--ISNUMBER(G28:H28),$G$4:$H$4)=0,"",SUMPRODUCT(G28:H28,$G$4:$H$4)/SUMPRODUCT(--ISNUMBER(G28:H28),$G$4:$H$4)) | G28: =IF(G$5="","",CHOOSE(G$5,KA1!$R29,KA2!$R29,KA3!$R29,KA4!$R29,KA5!$R29,KA6!$R29)) | H28: =IF(H$5="","",CHOOSE(H$5,KA1!$R29,KA2!$R29,KA3!$R29,KA4!$R29,KA5!$R29,KA6!$R29)) | I28: =IF(SUMPRODUCT(--ISNUMBER(J28:O28),$J$4:$O$4)=0,"",SUMPRODUCT(J28:O28,$J$4:$O$4)/SUMPRODUCT(--ISNUMBER(J28:O28),$J$4:$O$4)) | P28: =IF(SUMPRODUCT(--ISNUMBER(Q28:R28),$Q$4:$R$4)=0,"",SUMPRODUCT(Q28:R28,$Q$4:$R$4)/SUMPRODUCT(--ISNUMBER(Q28:R28),$Q$4:$R$4)) | Q28: =IF(Q$5="","",CHOOSE(Q$5,KA1!$R29,KA2!$R29,KA3!$R29,KA4!$R29,KA5!$R29,KA6!$R29)) | R28: =IF(R$5="","",CHOOSE(R$5,KA1!$R29,KA2!$R29,KA3!$R29,KA4!$R29,KA5!$R29,KA6!$R29)) | S28: =IF(SUMPRODUCT(--ISNUMBER(T28:Y28),$T$4:$Y$4)=0,"",SUMPRODUCT(T28:Y28,$T$4:$Y$4)/SUMPRODUCT(--ISNUMBER(T28:Y28),$T$4:$Y$4)) | Z28: =IF(((--ISNUMBER(D28))*$D$4+(--ISNUMBER(E28))*$E$4)=0,"",(IFERROR(D28*$D$4,0)+IFERROR(E28*$E$4,0))/((--ISNUMBER(D28))*$D$4+(--ISNUMBER(E28))*$E$4)) | AA28: =IF(Z28="","",ROUND(Z28,0)) | AB28: =IF(AA28="","",INDEX(Notentabelle!$B$4:$B$19,AA28+1))
A29: 23 | B29: =IF(INDEX(Klassenliste!$B$6:$B$40,23)=0,"",INDEX(Klassenliste!$B$6:$B$40,23)) | C29: =IF(INDEX(Klassenliste!$C$6:$C$40,23)=0,"",INDEX(Klassenliste!$C$6:$C$40,23)) | D29: =IF(((--ISNUMBER(F29))*$F$4+(--ISNUMBER(I29))*$I$4)=0,"",(IFERROR(F29*$F$4,0)+IFERROR(I29*$I$4,0))/((--ISNUMBER(F29))*$F$4+(--ISNUMBER(I29))*$I$4)) | E29: =IF(((--ISNUMBER(P29))*$P$4+(--ISNUMBER(S29))*$S$4)=0,"",(IFERROR(P29*$P$4,0)+IFERROR(S29*$S$4,0))/((--ISNUMBER(P29))*$P$4+(--ISNUMBER(S29))*$S$4)) | F29: =IF(SUMPRODUCT(--ISNUMBER(G29:H29),$G$4:$H$4)=0,"",SUMPRODUCT(G29:H29,$G$4:$H$4)/SUMPRODUCT(--ISNUMBER(G29:H29),$G$4:$H$4)) | G29: =IF(G$5="","",CHOOSE(G$5,KA1!$R30,KA2!$R30,KA3!$R30,KA4!$R30,KA5!$R30,KA6!$R30)) | H29: =IF(H$5="","",CHOOSE(H$5,KA1!$R30,KA2!$R30,KA3!$R30,KA4!$R30,KA5!$R30,KA6!$R30)) | I29: =IF(SUMPRODUCT(--ISNUMBER(J29:O29),$J$4:$O$4)=0,"",SUMPRODUCT(J29:O29,$J$4:$O$4)/SUMPRODUCT(--ISNUMBER(J29:O29),$J$4:$O$4)) | P29: =IF(SUMPRODUCT(--ISNUMBER(Q29:R29),$Q$4:$R$4)=0,"",SUMPRODUCT(Q29:R29,$Q$4:$R$4)/SUMPRODUCT(--ISNUMBER(Q29:R29),$Q$4:$R$4)) | Q29: =IF(Q$5="","",CHOOSE(Q$5,KA1!$R30,KA2!$R30,KA3!$R30,KA4!$R30,KA5!$R30,KA6!$R30)) | R29: =IF(R$5="","",CHOOSE(R$5,KA1!$R30,KA2!$R30,KA3!$R30,KA4!$R30,KA5!$R30,KA6!$R30)) | S29: =IF(SUMPRODUCT(--ISNUMBER(T29:Y29),$T$4:$Y$4)=0,"",SUMPRODUCT(T29:Y29,$T$4:$Y$4)/SUMPRODUCT(--ISNUMBER(T29:Y29),$T$4:$Y$4)) | Z29: =IF(((--ISNUMBER(D29))*$D$4+(--ISNUMBER(E29))*$E$4)=0,"",(IFERROR(D29*$D$4,0)+IFERROR(E29*$E$4,0))/((--ISNUMBER(D29))*$D$4+(--ISNUMBER(E29))*$E$4)) | AA29: =IF(Z29="","",ROUND(Z29,0)) | AB29: =IF(AA29="","",INDEX(Notentabelle!$B$4:$B$19,AA29+1))
A30: 24 | B30: =IF(INDEX(Klassenliste!$B$6:$B$40,24)=0,"",INDEX(Klassenliste!$B$6:$B$40,24)) | C30: =IF(INDEX(Klassenliste!$C$6:$C$40,24)=0,"",INDEX(Klassenliste!$C$6:$C$40,24)) | D30: =IF(((--ISNUMBER(F30))*$F$4+(--ISNUMBER(I30))*$I$4)=0,"",(IFERROR(F30*$F$4,0)+IFERROR(I30*$I$4,0))/((--ISNUMBER(F30))*$F$4+(--ISNUMBER(I30))*$I$4)) | E30: =IF(((--ISNUMBER(P30))*$P$4+(--ISNUMBER(S30))*$S$4)=0,"",(IFERROR(P30*$P$4,0)+IFERROR(S30*$S$4,0))/((--ISNUMBER(P30))*$P$4+(--ISNUMBER(S30))*$S$4)) | F30: =IF(SUMPRODUCT(--ISNUMBER(G30:H30),$G$4:$H$4)=0,"",SUMPRODUCT(G30:H30,$G$4:$H$4)/SUMPRODUCT(--ISNUMBER(G30:H30),$G$4:$H$4)) | G30: =IF(G$5="","",CHOOSE(G$5,KA1!$R31,KA2!$R31,KA3!$R31,KA4!$R31,KA5!$R31,KA6!$R31)) | H30: =IF(H$5="","",CHOOSE(H$5,KA1!$R31,KA2!$R31,KA3!$R31,KA4!$R31,KA5!$R31,KA6!$R31)) | I30: =IF(SUMPRODUCT(--ISNUMBER(J30:O30),$J$4:$O$4)=0,"",SUMPRODUCT(J30:O30,$J$4:$O$4)/SUMPRODUCT(--ISNUMBER(J30:O30),$J$4:$O$4)) | P30: =IF(SUMPRODUCT(--ISNUMBER(Q30:R30),$Q$4:$R$4)=0,"",SUMPRODUCT(Q30:R30,$Q$4:$R$4)/SUMPRODUCT(--ISNUMBER(Q30:R30),$Q$4:$R$4)) | Q30: =IF(Q$5="","",CHOOSE(Q$5,KA1!$R31,KA2!$R31,KA3!$R31,KA4!$R31,KA5!$R31,KA6!$R31)) | R30: =IF(R$5="","",CHOOSE(R$5,KA1!$R31,KA2!$R31,KA3!$R31,KA4!$R31,KA5!$R31,KA6!$R31)) | S30: =IF(SUMPRODUCT(--ISNUMBER(T30:Y30),$T$4:$Y$4)=0,"",SUMPRODUCT(T30:Y30,$T$4:$Y$4)/SUMPRODUCT(--ISNUMBER(T30:Y30),$T$4:$Y$4)) | Z30: =IF(((--ISNUMBER(D30))*$D$4+(--ISNUMBER(E30))*$E$4)=0,"",(IFERROR(D30*$D$4,0)+IFERROR(E30*$E$4,0))/((--ISNUMBER(D30))*$D$4+(--ISNUMBER(E30))*$E$4)) | AA30: =IF(Z30="","",ROUND(Z30,0)) | AB30: =IF(AA30="","",INDEX(Notentabelle!$B$4:$B$19,AA30+1))
A31: 25 | B31: =IF(INDEX(Klassenliste!$B$6:$B$40,25)=0,"",INDEX(Klassenliste!$B$6:$B$40,25)) | C31: =IF(INDEX(Klassenliste!$C$6:$C$40,25)=0,"",INDEX(Klassenliste!$C$6:$C$40,25)) | D31: =IF(((--ISNUMBER(F31))*$F$4+(--ISNUMBER(I31))*$I$4)=0,"",(IFERROR(F31*$F$4,0)+IFERROR(I31*$I$4,0))/((--ISNUMBER(F31))*$F$4+(--ISNUMBER(I31))*$I$4)) | E31: =IF(((--ISNUMBER(P31))*$P$4+(--ISNUMBER(S31))*$S$4)=0,"",(IFERROR(P31*$P$4,0)+IFERROR(S31*$S$4,0))/((--ISNUMBER(P31))*$P$4+(--ISNUMBER(S31))*$S$4)) | F31: =IF(SUMPRODUCT(--ISNUMBER(G31:H31),$G$4:$H$4)=0,"",SUMPRODUCT(G31:H31,$G$4:$H$4)/SUMPRODUCT(--ISNUMBER(G31:H31),$G$4:$H$4)) | G31: =IF(G$5="","",CHOOSE(G$5,KA1!$R32,KA2!$R32,KA3!$R32,KA4!$R32,KA5!$R32,KA6!$R32)) | H31: =IF(H$5="","",CHOOSE(H$5,KA1!$R32,KA2!$R32,KA3!$R32,KA4!$R32,KA5!$R32,KA6!$R32)) | I31: =IF(SUMPRODUCT(--ISNUMBER(J31:O31),$J$4:$O$4)=0,"",SUMPRODUCT(J31:O31,$J$4:$O$4)/SUMPRODUCT(--ISNUMBER(J31:O31),$J$4:$O$4)) | P31: =IF(SUMPRODUCT(--ISNUMBER(Q31:R31),$Q$4:$R$4)=0,"",SUMPRODUCT(Q31:R31,$Q$4:$R$4)/SUMPRODUCT(--ISNUMBER(Q31:R31),$Q$4:$R$4)) | Q31: =IF(Q$5="","",CHOOSE(Q$5,KA1!$R32,KA2!$R32,KA3!$R32,KA4!$R32,KA5!$R32,KA6!$R32)) | R31: =IF(R$5="","",CHOOSE(R$5,KA1!$R32,KA2!$R32,KA3!$R32,KA4!$R32,KA5!$R32,KA6!$R32)) | S31: =IF(SUMPRODUCT(--ISNUMBER(T31:Y31),$T$4:$Y$4)=0,"",SUMPRODUCT(T31:Y31,$T$4:$Y$4)/SUMPRODUCT(--ISNUMBER(T31:Y31),$T$4:$Y$4)) | Z31: =IF(((--ISNUMBER(D31))*$D$4+(--ISNUMBER(E31))*$E$4)=0,"",(IFERROR(D31*$D$4,0)+IFERROR(E31*$E$4,0))/((--ISNUMBER(D31))*$D$4+(--ISNUMBER(E31))*$E$4)) | AA31: =IF(Z31="","",ROUND(Z31,0)) | AB31: =IF(AA31="","",INDEX(Notentabelle!$B$4:$B$19,AA31+1))
A32: 26 | B32: =IF(INDEX(Klassenliste!$B$6:$B$40,26)=0,"",INDEX(Klassenliste!$B$6:$B$40,26)) | C32: =IF(INDEX(Klassenliste!$C$6:$C$40,26)=0,"",INDEX(Klassenliste!$C$6:$C$40,26)) | D32: =IF(((--ISNUMBER(F32))*$F$4+(--ISNUMBER(I32))*$I$4)=0,"",(IFERROR(F32*$F$4,0)+IFERROR(I32*$I$4,0))/((--ISNUMBER(F32))*$F$4+(--ISNUMBER(I32))*$I$4)) | E32: =IF(((--ISNUMBER(P32))*$P$4+(--ISNUMBER(S32))*$S$4)=0,"",(IFERROR(P32*$P$4,0)+IFERROR(S32*$S$4,0))/((--ISNUMBER(P32))*$P$4+(--ISNUMBER(S32))*$S$4)) | F32: =IF(SUMPRODUCT(--ISNUMBER(G32:H32),$G$4:$H$4)=0,"",SUMPRODUCT(G32:H32,$G$4:$H$4)/SUMPRODUCT(--ISNUMBER(G32:H32),$G$4:$H$4)) | G32: =IF(G$5="","",CHOOSE(G$5,KA1!$R33,KA2!$R33,KA3!$R33,KA4!$R33,KA5!$R33,KA6!$R33)) | H32: =IF(H$5="","",CHOOSE(H$5,KA1!$R33,KA2!$R33,KA3!$R33,KA4!$R33,KA5!$R33,KA6!$R33)) | I32: =IF(SUMPRODUCT(--ISNUMBER(J32:O32),$J$4:$O$4)=0,"",SUMPRODUCT(J32:O32,$J$4:$O$4)/SUMPRODUCT(--ISNUMBER(J32:O32),$J$4:$O$4)) | P32: =IF(SUMPRODUCT(--ISNUMBER(Q32:R32),$Q$4:$R$4)=0,"",SUMPRODUCT(Q32:R32,$Q$4:$R$4)/SUMPRODUCT(--ISNUMBER(Q32:R32),$Q$4:$R$4)) | Q32: =IF(Q$5="","",CHOOSE(Q$5,KA1!$R33,KA2!$R33,KA3!$R33,KA4!$R33,KA5!$R33,KA6!$R33)) | R32: =IF(R$5="","",CHOOSE(R$5,KA1!$R33,KA2!$R33,KA3!$R33,KA4!$R33,KA5!$R33,KA6!$R33)) | S32: =IF(SUMPRODUCT(--ISNUMBER(T32:Y32),$T$4:$Y$4)=0,"",SUMPRODUCT(T32:Y32,$T$4:$Y$4)/SUMPRODUCT(--ISNUMBER(T32:Y32),$T$4:$Y$4)) | Z32: =IF(((--ISNUMBER(D32))*$D$4+(--ISNUMBER(E32))*$E$4)=0,"",(IFERROR(D32*$D$4,0)+IFERROR(E32*$E$4,0))/((--ISNUMBER(D32))*$D$4+(--ISNUMBER(E32))*$E$4)) | AA32: =IF(Z32="","",ROUND(Z32,0)) | AB32: =IF(AA32="","",INDEX(Notentabelle!$B$4:$B$19,AA32+1))
A33: 27 | B33: =IF(INDEX(Klassenliste!$B$6:$B$40,27)=0,"",INDEX(Klassenliste!$B$6:$B$40,27)) | C33: =IF(INDEX(Klassenliste!$C$6:$C$40,27)=0,"",INDEX(Klassenliste!$C$6:$C$40,27)) | D33: =IF(((--ISNUMBER(F33))*$F$4+(--ISNUMBER(I33))*$I$4)=0,"",(IFERROR(F33*$F$4,0)+IFERROR(I33*$I$4,0))/((--ISNUMBER(F33))*$F$4+(--ISNUMBER(I33))*$I$4)) | E33: =IF(((--ISNUMBER(P33))*$P$4+(--ISNUMBER(S33))*$S$4)=0,"",(IFERROR(P33*$P$4,0)+IFERROR(S33*$S$4,0))/((--ISNUMBER(P33))*$P$4+(--ISNUMBER(S33))*$S$4)) | F33: =IF(SUMPRODUCT(--ISNUMBER(G33:H33),$G$4:$H$4)=0,"",SUMPRODUCT(G33:H33,$G$4:$H$4)/SUMPRODUCT(--ISNUMBER(G33:H33),$G$4:$H$4)) | G33: =IF(G$5="","",CHOOSE(G$5,KA1!$R34,KA2!$R34,KA3!$R34,KA4!$R34,KA5!$R34,KA6!$R34)) | H33: =IF(H$5="","",CHOOSE(H$5,KA1!$R34,KA2!$R34,KA3!$R34,KA4!$R34,KA5!$R34,KA6!$R34)) | I33: =IF(SUMPRODUCT(--ISNUMBER(J33:O33),$J$4:$O$4)=0,"",SUMPRODUCT(J33:O33,$J$4:$O$4)/SUMPRODUCT(--ISNUMBER(J33:O33),$J$4:$O$4)) | P33: =IF(SUMPRODUCT(--ISNUMBER(Q33:R33),$Q$4:$R$4)=0,"",SUMPRODUCT(Q33:R33,$Q$4:$R$4)/SUMPRODUCT(--ISNUMBER(Q33:R33),$Q$4:$R$4)) | Q33: =IF(Q$5="","",CHOOSE(Q$5,KA1!$R34,KA2!$R34,KA3!$R34,KA4!$R34,KA5!$R34,KA6!$R34)) | R33: =IF(R$5="","",CHOOSE(R$5,KA1!$R34,KA2!$R34,KA3!$R34,KA4!$R34,KA5!$R34,KA6!$R34)) | S33: =IF(SUMPRODUCT(--ISNUMBER(T33:Y33),$T$4:$Y$4)=0,"",SUMPRODUCT(T33:Y33,$T$4:$Y$4)/SUMPRODUCT(--ISNUMBER(T33:Y33),$T$4:$Y$4)) | Z33: =IF(((--ISNUMBER(D33))*$D$4+(--ISNUMBER(E33))*$E$4)=0,"",(IFERROR(D33*$D$4,0)+IFERROR(E33*$E$4,0))/((--ISNUMBER(D33))*$D$4+(--ISNUMBER(E33))*$E$4)) | AA33: =IF(Z33="","",ROUND(Z33,0)) | AB33: =IF(AA33="","",INDEX(Notentabelle!$B$4:$B$19,AA33+1))
A34: 28 | B34: =IF(INDEX(Klassenliste!$B$6:$B$40,28)=0,"",INDEX(Klassenliste!$B$6:$B$40,28)) | C34: =IF(INDEX(Klassenliste!$C$6:$C$40,28)=0,"",INDEX(Klassenliste!$C$6:$C$40,28)) | D34: =IF(((--ISNUMBER(F34))*$F$4+(--ISNUMBER(I34))*$I$4)=0,"",(IFERROR(F34*$F$4,0)+IFERROR(I34*$I$4,0))/((--ISNUMBER(F34))*$F$4+(--ISNUMBER(I34))*$I$4)) | E34: =IF(((--ISNUMBER(P34))*$P$4+(--ISNUMBER(S34))*$S$4)=0,"",(IFERROR(P34*$P$4,0)+IFERROR(S34*$S$4,0))/((--ISNUMBER(P34))*$P$4+(--ISNUMBER(S34))*$S$4)) | F34: =IF(SUMPRODUCT(--ISNUMBER(G34:H34),$G$4:$H$4)=0,"",SUMPRODUCT(G34:H34,$G$4:$H$4)/SUMPRODUCT(--ISNUMBER(G34:H34),$G$4:$H$4)) | G34: =IF(G$5="","",CHOOSE(G$5,KA1!$R35,KA2!$R35,KA3!$R35,KA4!$R35,KA5!$R35,KA6!$R35)) | H34: =IF(H$5="","",CHOOSE(H$5,KA1!$R35,KA2!$R35,KA3!$R35,KA4!$R35,KA5!$R35,KA6!$R35)) | I34: =IF(SUMPRODUCT(--ISNUMBER(J34:O34),$J$4:$O$4)=0,"",SUMPRODUCT(J34:O34,$J$4:$O$4)/SUMPRODUCT(--ISNUMBER(J34:O34),$J$4:$O$4)) | P34: =IF(SUMPRODUCT(--ISNUMBER(Q34:R34),$Q$4:$R$4)=0,"",SUMPRODUCT(Q34:R34,$Q$4:$R$4)/SUMPRODUCT(--ISNUMBER(Q34:R34),$Q$4:$R$4)) | Q34: =IF(Q$5="","",CHOOSE(Q$5,KA1!$R35,KA2!$R35,KA3!$R35,KA4!$R35,KA5!$R35,KA6!$R35)) | R34: =IF(R$5="","",CHOOSE(R$5,KA1!$R35,KA2!$R35,KA3!$R35,KA4!$R35,KA5!$R35,KA6!$R35)) | S34: =IF(SUMPRODUCT(--ISNUMBER(T34:Y34),$T$4:$Y$4)=0,"",SUMPRODUCT(T34:Y34,$T$4:$Y$4)/SUMPRODUCT(--ISNUMBER(T34:Y34),$T$4:$Y$4)) | Z34: =IF(((--ISNUMBER(D34))*$D$4+(--ISNUMBER(E34))*$E$4)=0,"",(IFERROR(D34*$D$4,0)+IFERROR(E34*$E$4,0))/((--ISNUMBER(D34))*$D$4+(--ISNUMBER(E34))*$E$4)) | AA34: =IF(Z34="","",ROUND(Z34,0)) | AB34: =IF(AA34="","",INDEX(Notentabelle!$B$4:$B$19,AA34+1))
A35: 29 | B35: =IF(INDEX(Klassenliste!$B$6:$B$40,29)=0,"",INDEX(Klassenliste!$B$6:$B$40,29)) | C35: =IF(INDEX(Klassenliste!$C$6:$C$40,29)=0,"",INDEX(Klassenliste!$C$6:$C$40,29)) | D35: =IF(((--ISNUMBER(F35))*$F$4+(--ISNUMBER(I35))*$I$4)=0,"",(IFERROR(F35*$F$4,0)+IFERROR(I35*$I$4,0))/((--ISNUMBER(F35))*$F$4+(--ISNUMBER(I35))*$I$4)) | E35: =IF(((--ISNUMBER(P35))*$P$4+(--ISNUMBER(S35))*$S$4)=0,"",(IFERROR(P35*$P$4,0)+IFERROR(S35*$S$4,0))/((--ISNUMBER(P35))*$P$4+(--ISNUMBER(S35))*$S$4)) | F35: =IF(SUMPRODUCT(--ISNUMBER(G35:H35),$G$4:$H$4)=0,"",SUMPRODUCT(G35:H35,$G$4:$H$4)/SUMPRODUCT(--ISNUMBER(G35:H35),$G$4:$H$4)) | G35: =IF(G$5="","",CHOOSE(G$5,KA1!$R36,KA2!$R36,KA3!$R36,KA4!$R36,KA5!$R36,KA6!$R36)) | H35: =IF(H$5="","",CHOOSE(H$5,KA1!$R36,KA2!$R36,KA3!$R36,KA4!$R36,KA5!$R36,KA6!$R36)) | I35: =IF(SUMPRODUCT(--ISNUMBER(J35:O35),$J$4:$O$4)=0,"",SUMPRODUCT(J35:O35,$J$4:$O$4)/SUMPRODUCT(--ISNUMBER(J35:O35),$J$4:$O$4)) | P35: =IF(SUMPRODUCT(--ISNUMBER(Q35:R35),$Q$4:$R$4)=0,"",SUMPRODUCT(Q35:R35,$Q$4:$R$4)/SUMPRODUCT(--ISNUMBER(Q35:R35),$Q$4:$R$4)) | Q35: =IF(Q$5="","",CHOOSE(Q$5,KA1!$R36,KA2!$R36,KA3!$R36,KA4!$R36,KA5!$R36,KA6!$R36)) | R35: =IF(R$5="","",CHOOSE(R$5,KA1!$R36,KA2!$R36,KA3!$R36,KA4!$R36,KA5!$R36,KA6!$R36)) | S35: =IF(SUMPRODUCT(--ISNUMBER(T35:Y35),$T$4:$Y$4)=0,"",SUMPRODUCT(T35:Y35,$T$4:$Y$4)/SUMPRODUCT(--ISNUMBER(T35:Y35),$T$4:$Y$4)) | Z35: =IF(((--ISNUMBER(D35))*$D$4+(--ISNUMBER(E35))*$E$4)=0,"",(IFERROR(D35*$D$4,0)+IFERROR(E35*$E$4,0))/((--ISNUMBER(D35))*$D$4+(--ISNUMBER(E35))*$E$4)) | AA35: =IF(Z35="","",ROUND(Z35,0)) | AB35: =IF(AA35="","",INDEX(Notentabelle!$B$4:$B$19,AA35+1))
A36: 30 | B36: =IF(INDEX(Klassenliste!$B$6:$B$40,30)=0,"",INDEX(Klassenliste!$B$6:$B$40,30)) | C36: =IF(INDEX(Klassenliste!$C$6:$C$40,30)=0,"",INDEX(Klassenliste!$C$6:$C$40,30)) | D36: =IF(((--ISNUMBER(F36))*$F$4+(--ISNUMBER(I36))*$I$4)=0,"",(IFERROR(F36*$F$4,0)+IFERROR(I36*$I$4,0))/((--ISNUMBER(F36))*$F$4+(--ISNUMBER(I36))*$I$4)) | E36: =IF(((--ISNUMBER(P36))*$P$4+(--ISNUMBER(S36))*$S$4)=0,"",(IFERROR(P36*$P$4,0)+IFERROR(S36*$S$4,0))/((--ISNUMBER(P36))*$P$4+(--ISNUMBER(S36))*$S$4)) | F36: =IF(SUMPRODUCT(--ISNUMBER(G36:H36),$G$4:$H$4)=0,"",SUMPRODUCT(G36:H36,$G$4:$H$4)/SUMPRODUCT(--ISNUMBER(G36:H36),$G$4:$H$4)) | G36: =IF(G$5="","",CHOOSE(G$5,KA1!$R37,KA2!$R37,KA3!$R37,KA4!$R37,KA5!$R37,KA6!$R37)) | H36: =IF(H$5="","",CHOOSE(H$5,KA1!$R37,KA2!$R37,KA3!$R37,KA4!$R37,KA5!$R37,KA6!$R37)) | I36: =IF(SUMPRODUCT(--ISNUMBER(J36:O36),$J$4:$O$4)=0,"",SUMPRODUCT(J36:O36,$J$4:$O$4)/SUMPRODUCT(--ISNUMBER(J36:O36),$J$4:$O$4)) | P36: =IF(SUMPRODUCT(--ISNUMBER(Q36:R36),$Q$4:$R$4)=0,"",SUMPRODUCT(Q36:R36,$Q$4:$R$4)/SUMPRODUCT(--ISNUMBER(Q36:R36),$Q$4:$R$4)) | Q36: =IF(Q$5="","",CHOOSE(Q$5,KA1!$R37,KA2!$R37,KA3!$R37,KA4!$R37,KA5!$R37,KA6!$R37)) | R36: =IF(R$5="","",CHOOSE(R$5,KA1!$R37,KA2!$R37,KA3!$R37,KA4!$R37,KA5!$R37,KA6!$R37)) | S36: =IF(SUMPRODUCT(--ISNUMBER(T36:Y36),$T$4:$Y$4)=0,"",SUMPRODUCT(T36:Y36,$T$4:$Y$4)/SUMPRODUCT(--ISNUMBER(T36:Y36),$T$4:$Y$4)) | Z36: =IF(((--ISNUMBER(D36))*$D$4+(--ISNUMBER(E36))*$E$4)=0,"",(IFERROR(D36*$D$4,0)+IFERROR(E36*$E$4,0))/((--ISNUMBER(D36))*$D$4+(--ISNUMBER(E36))*$E$4)) | AA36: =IF(Z36="","",ROUND(Z36,0)) | AB36: =IF(AA36="","",INDEX(Notentabelle!$B$4:$B$19,AA36+1))
A37: 31 | B37: =IF(INDEX(Klassenliste!$B$6:$B$40,31)=0,"",INDEX(Klassenliste!$B$6:$B$40,31)) | C37: =IF(INDEX(Klassenliste!$C$6:$C$40,31)=0,"",INDEX(Klassenliste!$C$6:$C$40,31)) | D37: =IF(((--ISNUMBER(F37))*$F$4+(--ISNUMBER(I37))*$I$4)=0,"",(IFERROR(F37*$F$4,0)+IFERROR(I37*$I$4,0))/((--ISNUMBER(F37))*$F$4+(--ISNUMBER(I37))*$I$4)) | E37: =IF(((--ISNUMBER(P37))*$P$4+(--ISNUMBER(S37))*$S$4)=0,"",(IFERROR(P37*$P$4,0)+IFERROR(S37*$S$4,0))/((--ISNUMBER(P37))*$P$4+(--ISNUMBER(S37))*$S$4)) | F37: =IF(SUMPRODUCT(--ISNUMBER(G37:H37),$G$4:$H$4)=0,"",SUMPRODUCT(G37:H37,$G$4:$H$4)/SUMPRODUCT(--ISNUMBER(G37:H37),$G$4:$H$4)) | G37: =IF(G$5="","",CHOOSE(G$5,KA1!$R38,KA2!$R38,KA3!$R38,KA4!$R38,KA5!$R38,KA6!$R38)) | H37: =IF(H$5="","",CHOOSE(H$5,KA1!$R38,KA2!$R38,KA3!$R38,KA4!$R38,KA5!$R38,KA6!$R38)) | I37: =IF(SUMPRODUCT(--ISNUMBER(J37:O37),$J$4:$O$4)=0,"",SUMPRODUCT(J37:O37,$J$4:$O$4)/SUMPRODUCT(--ISNUMBER(J37:O37),$J$4:$O$4)) | P37: =IF(SUMPRODUCT(--ISNUMBER(Q37:R37),$Q$4:$R$4)=0,"",SUMPRODUCT(Q37:R37,$Q$4:$R$4)/SUMPRODUCT(--ISNUMBER(Q37:R37),$Q$4:$R$4)) | Q37: =IF(Q$5="","",CHOOSE(Q$5,KA1!$R38,KA2!$R38,KA3!$R38,KA4!$R38,KA5!$R38,KA6!$R38)) | R37: =IF(R$5="","",CHOOSE(R$5,KA1!$R38,KA2!$R38,KA3!$R38,KA4!$R38,KA5!$R38,KA6!$R38)) | S37: =IF(SUMPRODUCT(--ISNUMBER(T37:Y37),$T$4:$Y$4)=0,"",SUMPRODUCT(T37:Y37,$T$4:$Y$4)/SUMPRODUCT(--ISNUMBER(T37:Y37),$T$4:$Y$4)) | Z37: =IF(((--ISNUMBER(D37))*$D$4+(--ISNUMBER(E37))*$E$4)=0,"",(IFERROR(D37*$D$4,0)+IFERROR(E37*$E$4,0))/((--ISNUMBER(D37))*$D$4+(--ISNUMBER(E37))*$E$4)) | AA37: =IF(Z37="","",ROUND(Z37,0)) | AB37: =IF(AA37="","",INDEX(Notentabelle!$B$4:$B$19,AA37+1))
A38: 32 | B38: =IF(INDEX(Klassenliste!$B$6:$B$40,32)=0,"",INDEX(Klassenliste!$B$6:$B$40,32)) | C38: =IF(INDEX(Klassenliste!$C$6:$C$40,32)=0,"",INDEX(Klassenliste!$C$6:$C$40,32)) | D38: =IF(((--ISNUMBER(F38))*$F$4+(--ISNUMBER(I38))*$I$4)=0,"",(IFERROR(F38*$F$4,0)+IFERROR(I38*$I$4,0))/((--ISNUMBER(F38))*$F$4+(--ISNUMBER(I38))*$I$4)) | E38: =IF(((--ISNUMBER(P38))*$P$4+(--ISNUMBER(S38))*$S$4)=0,"",(IFERROR(P38*$P$4,0)+IFERROR(S38*$S$4,0))/((--ISNUMBER(P38))*$P$4+(--ISNUMBER(S38))*$S$4)) | F38: =IF(SUMPRODUCT(--ISNUMBER(G38:H38),$G$4:$H$4)=0,"",SUMPRODUCT(G38:H38,$G$4:$H$4)/SUMPRODUCT(--ISNUMBER(G38:H38),$G$4:$H$4)) | G38: =IF(G$5="","",CHOOSE(G$5,KA1!$R39,KA2!$R39,KA3!$R39,KA4!$R39,KA5!$R39,KA6!$R39)) | H38: =IF(H$5="","",CHOOSE(H$5,KA1!$R39,KA2!$R39,KA3!$R39,KA4!$R39,KA5!$R39,KA6!$R39)) | I38: =IF(SUMPRODUCT(--ISNUMBER(J38:O38),$J$4:$O$4)=0,"",SUMPRODUCT(J38:O38,$J$4:$O$4)/SUMPRODUCT(--ISNUMBER(J38:O38),$J$4:$O$4)) | P38: =IF(SUMPRODUCT(--ISNUMBER(Q38:R38),$Q$4:$R$4)=0,"",SUMPRODUCT(Q38:R38,$Q$4:$R$4)/SUMPRODUCT(--ISNUMBER(Q38:R38),$Q$4:$R$4)) | Q38: =IF(Q$5="","",CHOOSE(Q$5,KA1!$R39,KA2!$R39,KA3!$R39,KA4!$R39,KA5!$R39,KA6!$R39)) | R38: =IF(R$5="","",CHOOSE(R$5,KA1!$R39,KA2!$R39,KA3!$R39,KA4!$R39,KA5!$R39,KA6!$R39)) | S38: =IF(SUMPRODUCT(--ISNUMBER(T38:Y38),$T$4:$Y$4)=0,"",SUMPRODUCT(T38:Y38,$T$4:$Y$4)/SUMPRODUCT(--ISNUMBER(T38:Y38),$T$4:$Y$4)) | Z38: =IF(((--ISNUMBER(D38))*$D$4+(--ISNUMBER(E38))*$E$4)=0,"",(IFERROR(D38*$D$4,0)+IFERROR(E38*$E$4,0))/((--ISNUMBER(D38))*$D$4+(--ISNUMBER(E38))*$E$4)) | AA38: =IF(Z38="","",ROUND(Z38,0)) | AB38: =IF(AA38="","",INDEX(Notentabelle!$B$4:$B$19,AA38+1))
A39: 33 | B39: =IF(INDEX(Klassenliste!$B$6:$B$40,33)=0,"",INDEX(Klassenliste!$B$6:$B$40,33)) | C39: =IF(INDEX(Klassenliste!$C$6:$C$40,33)=0,"",INDEX(Klassenliste!$C$6:$C$40,33)) | D39: =IF(((--ISNUMBER(F39))*$F$4+(--ISNUMBER(I39))*$I$4)=0,"",(IFERROR(F39*$F$4,0)+IFERROR(I39*$I$4,0))/((--ISNUMBER(F39))*$F$4+(--ISNUMBER(I39))*$I$4)) | E39: =IF(((--ISNUMBER(P39))*$P$4+(--ISNUMBER(S39))*$S$4)=0,"",(IFERROR(P39*$P$4,0)+IFERROR(S39*$S$4,0))/((--ISNUMBER(P39))*$P$4+(--ISNUMBER(S39))*$S$4)) | F39: =IF(SUMPRODUCT(--ISNUMBER(G39:H39),$G$4:$H$4)=0,"",SUMPRODUCT(G39:H39,$G$4:$H$4)/SUMPRODUCT(--ISNUMBER(G39:H39),$G$4:$H$4)) | G39: =IF(G$5="","",CHOOSE(G$5,KA1!$R40,KA2!$R40,KA3!$R40,KA4!$R40,KA5!$R40,KA6!$R40)) | H39: =IF(H$5="","",CHOOSE(H$5,KA1!$R40,KA2!$R40,KA3!$R40,KA4!$R40,KA5!$R40,KA6!$R40)) | I39: =IF(SUMPRODUCT(--ISNUMBER(J39:O39),$J$4:$O$4)=0,"",SUMPRODUCT(J39:O39,$J$4:$O$4)/SUMPRODUCT(--ISNUMBER(J39:O39),$J$4:$O$4)) | P39: =IF(SUMPRODUCT(--ISNUMBER(Q39:R39),$Q$4:$R$4)=0,"",SUMPRODUCT(Q39:R39,$Q$4:$R$4)/SUMPRODUCT(--ISNUMBER(Q39:R39),$Q$4:$R$4)) | Q39: =IF(Q$5="","",CHOOSE(Q$5,KA1!$R40,KA2!$R40,KA3!$R40,KA4!$R40,KA5!$R40,KA6!$R40)) | R39: =IF(R$5="","",CHOOSE(R$5,KA1!$R40,KA2!$R40,KA3!$R40,KA4!$R40,KA5!$R40,KA6!$R40)) | S39: =IF(SUMPRODUCT(--ISNUMBER(T39:Y39),$T$4:$Y$4)=0,"",SUMPRODUCT(T39:Y39,$T$4:$Y$4)/SUMPRODUCT(--ISNUMBER(T39:Y39),$T$4:$Y$4)) | Z39: =IF(((--ISNUMBER(D39))*$D$4+(--ISNUMBER(E39))*$E$4)=0,"",(IFERROR(D39*$D$4,0)+IFERROR(E39*$E$4,0))/((--ISNUMBER(D39))*$D$4+(--ISNUMBER(E39))*$E$4)) | AA39: =IF(Z39="","",ROUND(Z39,0)) | AB39: =IF(AA39="","",INDEX(Notentabelle!$B$4:$B$19,AA39+1))
A40: 34 | B40: =IF(INDEX(Klassenliste!$B$6:$B$40,34)=0,"",INDEX(Klassenliste!$B$6:$B$40,34)) | C40: =IF(INDEX(Klassenliste!$C$6:$C$40,34)=0,"",INDEX(Klassenliste!$C$6:$C$40,34)) | D40: =IF(((--ISNUMBER(F40))*$F$4+(--ISNUMBER(I40))*$I$4)=0,"",(IFERROR(F40*$F$4,0)+IFERROR(I40*$I$4,0))/((--ISNUMBER(F40))*$F$4+(--ISNUMBER(I40))*$I$4)) | E40: =IF(((--ISNUMBER(P40))*$P$4+(--ISNUMBER(S40))*$S$4)=0,"",(IFERROR(P40*$P$4,0)+IFERROR(S40*$S$4,0))/((--ISNUMBER(P40))*$P$4+(--ISNUMBER(S40))*$S$4)) | F40: =IF(SUMPRODUCT(--ISNUMBER(G40:H40),$G$4:$H$4)=0,"",SUMPRODUCT(G40:H40,$G$4:$H$4)/SUMPRODUCT(--ISNUMBER(G40:H40),$G$4:$H$4)) | G40: =IF(G$5="","",CHOOSE(G$5,KA1!$R41,KA2!$R41,KA3!$R41,KA4!$R41,KA5!$R41,KA6!$R41)) | H40: =IF(H$5="","",CHOOSE(H$5,KA1!$R41,KA2!$R41,KA3!$R41,KA4!$R41,KA5!$R41,KA6!$R41)) | I40: =IF(SUMPRODUCT(--ISNUMBER(J40:O40),$J$4:$O$4)=0,"",SUMPRODUCT(J40:O40,$J$4:$O$4)/SUMPRODUCT(--ISNUMBER(J40:O40),$J$4:$O$4)) | P40: =IF(SUMPRODUCT(--ISNUMBER(Q40:R40),$Q$4:$R$4)=0,"",SUMPRODUCT(Q40:R40,$Q$4:$R$4)/SUMPRODUCT(--ISNUMBER(Q40:R40),$Q$4:$R$4)) | Q40: =IF(Q$5="","",CHOOSE(Q$5,KA1!$R41,KA2!$R41,KA3!$R41,KA4!$R41,KA5!$R41,KA6!$R41)) | R40: =IF(R$5="","",CHOOSE(R$5,KA1!$R41,KA2!$R41,KA3!$R41,KA4!$R41,KA5!$R41,KA6!$R41)) | S40: =IF(SUMPRODUCT(--ISNUMBER(T40:Y40),$T$4:$Y$4)=0,"",SUMPRODUCT(T40:Y40,$T$4:$Y$4)/SUMPRODUCT(--ISNUMBER(T40:Y40),$T$4:$Y$4)) | Z40: =IF(((--ISNUMBER(D40))*$D$4+(--ISNUMBER(E40))*$E$4)=0,"",(IFERROR(D40*$D$4,0)+IFERROR(E40*$E$4,0))/((--ISNUMBER(D40))*$D$4+(--ISNUMBER(E40))*$E$4)) | AA40: =IF(Z40="","",ROUND(Z40,0)) | AB40: =IF(AA40="","",INDEX(Notentabelle!$B$4:$B$19,AA40+1))
A41: 35 | B41: =IF(INDEX(Klassenliste!$B$6:$B$40,35)=0,"",INDEX(Klassenliste!$B$6:$B$40,35)) | C41: =IF(INDEX(Klassenliste!$C$6:$C$40,35)=0,"",INDEX(Klassenliste!$C$6:$C$40,35)) | D41: =IF(((--ISNUMBER(F41))*$F$4+(--ISNUMBER(I41))*$I$4)=0,"",(IFERROR(F41*$F$4,0)+IFERROR(I41*$I$4,0))/((--ISNUMBER(F41))*$F$4+(--ISNUMBER(I41))*$I$4)) | E41: =IF(((--ISNUMBER(P41))*$P$4+(--ISNUMBER(S41))*$S$4)=0,"",(IFERROR(P41*$P$4,0)+IFERROR(S41*$S$4,0))/((--ISNUMBER(P41))*$P$4+(--ISNUMBER(S41))*$S$4)) | F41: =IF(SUMPRODUCT(--ISNUMBER(G41:H41),$G$4:$H$4)=0,"",SUMPRODUCT(G41:H41,$G$4:$H$4)/SUMPRODUCT(--ISNUMBER(G41:H41),$G$4:$H$4)) | G41: =IF(G$5="","",CHOOSE(G$5,KA1!$R42,KA2!$R42,KA3!$R42,KA4!$R42,KA5!$R42,KA6!$R42)) | H41: =IF(H$5="","",CHOOSE(H$5,KA1!$R42,KA2!$R42,KA3!$R42,KA4!$R42,KA5!$R42,KA6!$R42)) | I41: =IF(SUMPRODUCT(--ISNUMBER(J41:O41),$J$4:$O$4)=0,"",SUMPRODUCT(J41:O41,$J$4:$O$4)/SUMPRODUCT(--ISNUMBER(J41:O41),$J$4:$O$4)) | P41: =IF(SUMPRODUCT(--ISNUMBER(Q41:R41),$Q$4:$R$4)=0,"",SUMPRODUCT(Q41:R41,$Q$4:$R$4)/SUMPRODUCT(--ISNUMBER(Q41:R41),$Q$4:$R$4)) | Q41: =IF(Q$5="","",CHOOSE(Q$5,KA1!$R42,KA2!$R42,KA3!$R42,KA4!$R42,KA5!$R42,KA6!$R42)) | R41: =IF(R$5="","",CHOOSE(R$5,KA1!$R42,KA2!$R42,KA3!$R42,KA4!$R42,KA5!$R42,KA6!$R42)) | S41: =IF(SUMPRODUCT(--ISNUMBER(T41:Y41),$T$4:$Y$4)=0,"",SUMPRODUCT(T41:Y41,$T$4:$Y$4)/SUMPRODUCT(--ISNUMBER(T41:Y41),$T$4:$Y$4)) | Z41: =IF(((--ISNUMBER(D41))*$D$4+(--ISNUMBER(E41))*$E$4)=0,"",(IFERROR(D41*$D$4,0)+IFERROR(E41*$E$4,0))/((--ISNUMBER(D41))*$D$4+(--ISNUMBER(E41))*$E$4)) | AA41: =IF(Z41="","",ROUND(Z41,0)) | AB41: =IF(AA41="","",INDEX(Notentabelle!$B$4:$B$19,AA41+1))

Sheet Anw 2.HJ
A1: Anwesenheit 2. Halbjahr | AI1: =HYPERLINK("#Start!A1","⌂")
B2: e = entschuldigt · u = unentschuldigt · leer = anwesend (eine Spalte je Termin/Stunde)
E4: Datum →
A5: Nr | B5: Name | C5: Vorname | D5: FS | E5: uE
A6: 1 | B6: =IF(INDEX(Klassenliste!$B$6:$B$40,1)=0,"",INDEX(Klassenliste!$B$6:$B$40,1)) | C6: =IF(INDEX(Klassenliste!$C$6:$C$40,1)=0,"",INDEX(Klassenliste!$C$6:$C$40,1)) | D6: =IF($B6="","",COUNTIF(F6:AI6,"e")+COUNTIF(F6:AI6,"u")) | E6: =IF($B6="","",COUNTIF(F6:AI6,"u"))
A7: 2 | B7: =IF(INDEX(Klassenliste!$B$6:$B$40,2)=0,"",INDEX(Klassenliste!$B$6:$B$40,2)) | C7: =IF(INDEX(Klassenliste!$C$6:$C$40,2)=0,"",INDEX(Klassenliste!$C$6:$C$40,2)) | D7: =IF($B7="","",COUNTIF(F7:AI7,"e")+COUNTIF(F7:AI7,"u")) | E7: =IF($B7="","",COUNTIF(F7:AI7,"u"))
A8: 3 | B8: =IF(INDEX(Klassenliste!$B$6:$B$40,3)=0,"",INDEX(Klassenliste!$B$6:$B$40,3)) | C8: =IF(INDEX(Klassenliste!$C$6:$C$40,3)=0,"",INDEX(Klassenliste!$C$6:$C$40,3)) | D8: =IF($B8="","",COUNTIF(F8:AI8,"e")+COUNTIF(F8:AI8,"u")) | E8: =IF($B8="","",COUNTIF(F8:AI8,"u"))
A9: 4 | B9: =IF(INDEX(Klassenliste!$B$6:$B$40,4)=0,"",INDEX(Klassenliste!$B$6:$B$40,4)) | C9: =IF(INDEX(Klassenliste!$C$6:$C$40,4)=0,"",INDEX(Klassenliste!$C$6:$C$40,4)) | D9: =IF($B9="","",COUNTIF(F9:AI9,"e")+COUNTIF(F9:AI9,"u")) | E9: =IF($B9="","",COUNTIF(F9:AI9,"u"))
A10: 5 | B10: =IF(INDEX(Klassenliste!$B$6:$B$40,5)=0,"",INDEX(Klassenliste!$B$6:$B$40,5)) | C10: =IF(INDEX(Klassenliste!$C$6:$C$40,5)=0,"",INDEX(Klassenliste!$C$6:$C$40,5)) | D10: =IF($B10="","",COUNTIF(F10:AI10,"e")+COUNTIF(F10:AI10,"u")) | E10: =IF($B10="","",COUNTIF(F10:AI10,"u"))
A11: 6 | B11: =IF(INDEX(Klassenliste!$B$6:$B$40,6)=0,"",INDEX(Klassenliste!$B$6:$B$40,6)) | C11: =IF(INDEX(Klassenliste!$C$6:$C$40,6)=0,"",INDEX(Klassenliste!$C$6:$C$40,6)) | D11: =IF($B11="","",COUNTIF(F11:AI11,"e")+COUNTIF(F11:AI11,"u")) | E11: =IF($B11="","",COUNTIF(F11:AI11,"u"))
A12: 7 | B12: =IF(INDEX(Klassenliste!$B$6:$B$40,7)=0,"",INDEX(Klassenliste!$B$6:$B$40,7)) | C12: =IF(INDEX(Klassenliste!$C$6:$C$40,7)=0,"",INDEX(Klassenliste!$C$6:$C$40,7)) | D12: =IF($B12="","",COUNTIF(F12:AI12,"e")+COUNTIF(F12:AI12,"u")) | E12: =IF($B12="","",COUNTIF(F12:AI12,"u"))
A13: 8 | B13: =IF(INDEX(Klassenliste!$B$6:$B$40,8)=0,"",INDEX(Klassenliste!$B$6:$B$40,8)) | C13: =IF(INDEX(Klassenliste!$C$6:$C$40,8)=0,"",INDEX(Klassenliste!$C$6:$C$40,8)) | D13: =IF($B13="","",COUNTIF(F13:AI13,"e")+COUNTIF(F13:AI13,"u")) | E13: =IF($B13="","",COUNTIF(F13:AI13,"u"))
A14: 9 | B14: =IF(INDEX(Klassenliste!$B$6:$B$40,9)=0,"",INDEX(Klassenliste!$B$6:$B$40,9)) | C14: =IF(INDEX(Klassenliste!$C$6:$C$40,9)=0,"",INDEX(Klassenliste!$C$6:$C$40,9)) | D14: =IF($B14="","",COUNTIF(F14:AI14,"e")+COUNTIF(F14:AI14,"u")) | E14: =IF($B14="","",COUNTIF(F14:AI14,"u"))
A15: 10 | B15: =IF(INDEX(Klassenliste!$B$6:$B$40,10)=0,"",INDEX(Klassenliste!$B$6:$B$40,10)) | C15: =IF(INDEX(Klassenliste!$C$6:$C$40,10)=0,"",INDEX(Klassenliste!$C$6:$C$40,10)) | D15: =IF($B15="","",COUNTIF(F15:AI15,"e")+COUNTIF(F15:AI15,"u")) | E15: =IF($B15="","",COUNTIF(F15:AI15,"u"))
A16: 11 | B16: =IF(INDEX(Klassenliste!$B$6:$B$40,11)=0,"",INDEX(Klassenliste!$B$6:$B$40,11)) | C16: =IF(INDEX(Klassenliste!$C$6:$C$40,11)=0,"",INDEX(Klassenliste!$C$6:$C$40,11)) | D16: =IF($B16="","",COUNTIF(F16:AI16,"e")+COUNTIF(F16:AI16,"u")) | E16: =IF($B16="","",COUNTIF(F16:AI16,"u"))
A17: 12 | B17: =IF(INDEX(Klassenliste!$B$6:$B$40,12)=0,"",INDEX(Klassenliste!$B$6:$B$40,12)) | C17: =IF(INDEX(Klassenliste!$C$6:$C$40,12)=0,"",INDEX(Klassenliste!$C$6:$C$40,12)) | D17: =IF($B17="","",COUNTIF(F17:AI17,"e")+COUNTIF(F17:AI17,"u")) | E17: =IF($B17="","",COUNTIF(F17:AI17,"u"))
A18: 13 | B18: =IF(INDEX(Klassenliste!$B$6:$B$40,13)=0,"",INDEX(Klassenliste!$B$6:$B$40,13)) | C18: =IF(INDEX(Klassenliste!$C$6:$C$40,13)=0,"",INDEX(Klassenliste!$C$6:$C$40,13)) | D18: =IF($B18="","",COUNTIF(F18:AI18,"e")+COUNTIF(F18:AI18,"u")) | E18: =IF($B18="","",COUNTIF(F18:AI18,"u"))
A19: 14 | B19: =IF(INDEX(Klassenliste!$B$6:$B$40,14)=0,"",INDEX(Klassenliste!$B$6:$B$40,14)) | C19: =IF(INDEX(Klassenliste!$C$6:$C$40,14)=0,"",INDEX(Klassenliste!$C$6:$C$40,14)) | D19: =IF($B19="","",COUNTIF(F19:AI19,"e")+COUNTIF(F19:AI19,"u")) | E19: =IF($B19="","",COUNTIF(F19:AI19,"u"))
A20: 15 | B20: =IF(INDEX(Klassenliste!$B$6:$B$40,15)=0,"",INDEX(Klassenliste!$B$6:$B$40,15)) | C20: =IF(INDEX(Klassenliste!$C$6:$C$40,15)=0,"",INDEX(Klassenliste!$C$6:$C$40,15)) | D20: =IF($B20="","",COUNTIF(F20:AI20,"e")+COUNTIF(F20:AI20,"u")) | E20: =IF($B20="","",COUNTIF(F20:AI20,"u"))
A21: 16 | B21: =IF(INDEX(Klassenliste!$B$6:$B$40,16)=0,"",INDEX(Klassenliste!$B$6:$B$40,16)) | C21: =IF(INDEX(Klassenliste!$C$6:$C$40,16)=0,"",INDEX(Klassenliste!$C$6:$C$40,16)) | D21: =IF($B21="","",COUNTIF(F21:AI21,"e")+COUNTIF(F21:AI21,"u")) | E21: =IF($B21="","",COUNTIF(F21:AI21,"u"))
A22: 17 | B22: =IF(INDEX(Klassenliste!$B$6:$B$40,17)=0,"",INDEX(Klassenliste!$B$6:$B$40,17)) | C22: =IF(INDEX(Klassenliste!$C$6:$C$40,17)=0,"",INDEX(Klassenliste!$C$6:$C$40,17)) | D22: =IF($B22="","",COUNTIF(F22:AI22,"e")+COUNTIF(F22:AI22,"u")) | E22: =IF($B22="","",COUNTIF(F22:AI22,"u"))
A23: 18 | B23: =IF(INDEX(Klassenliste!$B$6:$B$40,18)=0,"",INDEX(Klassenliste!$B$6:$B$40,18)) | C23: =IF(INDEX(Klassenliste!$C$6:$C$40,18)=0,"",INDEX(Klassenliste!$C$6:$C$40,18)) | D23: =IF($B23="","",COUNTIF(F23:AI23,"e")+COUNTIF(F23:AI23,"u")) | E23: =IF($B23="","",COUNTIF(F23:AI23,"u"))
A24: 19 | B24: =IF(INDEX(Klassenliste!$B$6:$B$40,19)=0,"",INDEX(Klassenliste!$B$6:$B$40,19)) | C24: =IF(INDEX(Klassenliste!$C$6:$C$40,19)=0,"",INDEX(Klassenliste!$C$6:$C$40,19)) | D24: =IF($B24="","",COUNTIF(F24:AI24,"e")+COUNTIF(F24:AI24,"u")) | E24: =IF($B24="","",COUNTIF(F24:AI24,"u"))
A25: 20 | B25: =IF(INDEX(Klassenliste!$B$6:$B$40,20)=0,"",INDEX(Klassenliste!$B$6:$B$40,20)) | C25: =IF(INDEX(Klassenliste!$C$6:$C$40,20)=0,"",INDEX(Klassenliste!$C$6:$C$40,20)) | D25: =IF($B25="","",COUNTIF(F25:AI25,"e")+COUNTIF(F25:AI25,"u")) | E25: =IF($B25="","",COUNTIF(F25:AI25,"u"))
A26: 21 | B26: =IF(INDEX(Klassenliste!$B$6:$B$40,21)=0,"",INDEX(Klassenliste!$B$6:$B$40,21)) | C26: =IF(INDEX(Klassenliste!$C$6:$C$40,21)=0,"",INDEX(Klassenliste!$C$6:$C$40,21)) | D26: =IF($B26="","",COUNTIF(F26:AI26,"e")+COUNTIF(F26:AI26,"u")) | E26: =IF($B26="","",COUNTIF(F26:AI26,"u"))
A27: 22 | B27: =IF(INDEX(Klassenliste!$B$6:$B$40,22)=0,"",INDEX(Klassenliste!$B$6:$B$40,22)) | C27: =IF(INDEX(Klassenliste!$C$6:$C$40,22)=0,"",INDEX(Klassenliste!$C$6:$C$40,22)) | D27: =IF($B27="","",COUNTIF(F27:AI27,"e")+COUNTIF(F27:AI27,"u")) | E27: =IF($B27="","",COUNTIF(F27:AI27,"u"))
A28: 23 | B28: =IF(INDEX(Klassenliste!$B$6:$B$40,23)=0,"",INDEX(Klassenliste!$B$6:$B$40,23)) | C28: =IF(INDEX(Klassenliste!$C$6:$C$40,23)=0,"",INDEX(Klassenliste!$C$6:$C$40,23)) | D28: =IF($B28="","",COUNTIF(F28:AI28,"e")+COUNTIF(F28:AI28,"u")) | E28: =IF($B28="","",COUNTIF(F28:AI28,"u"))
A29: 24 | B29: =IF(INDEX(Klassenliste!$B$6:$B$40,24)=0,"",INDEX(Klassenliste!$B$6:$B$40,24)) | C29: =IF(INDEX(Klassenliste!$C$6:$C$40,24)=0,"",INDEX(Klassenliste!$C$6:$C$40,24)) | D29: =IF($B29="","",COUNTIF(F29:AI29,"e")+COUNTIF(F29:AI29,"u")) | E29: =IF($B29="","",COUNTIF(F29:AI29,"u"))
A30: 25 | B30: =IF(INDEX(Klassenliste!$B$6:$B$40,25)=0,"",INDEX(Klassenliste!$B$6:$B$40,25)) | C30: =IF(INDEX(Klassenliste!$C$6:$C$40,25)=0,"",INDEX(Klassenliste!$C$6:$C$40,25)) | D30: =IF($B30="","",COUNTIF(F30:AI30,"e")+COUNTIF(F30:AI30,"u")) | E30: =IF($B30="","",COUNTIF(F30:AI30,"u"))
A31: 26 | B31: =IF(INDEX(Klassenliste!$B$6:$B$40,26)=0,"",INDEX(Klassenliste!$B$6:$B$40,26)) | C31: =IF(INDEX(Klassenliste!$C$6:$C$40,26)=0,"",INDEX(Klassenliste!$C$6:$C$40,26)) | D31: =IF($B31="","",COUNTIF(F31:AI31,"e")+COUNTIF(F31:AI31,"u")) | E31: =IF($B31="","",COUNTIF(F31:AI31,"u"))
A32: 27 | B32: =IF(INDEX(Klassenliste!$B$6:$B$40,27)=0,"",INDEX(Klassenliste!$B$6:$B$40,27)) | C32: =IF(INDEX(Klassenliste!$C$6:$C$40,27)=0,"",INDEX(Klassenliste!$C$6:$C$40,27)) | D32: =IF($B32="","",COUNTIF(F32:AI32,"e")+COUNTIF(F32:AI32,"u")) | E32: =IF($B32="","",COUNTIF(F32:AI32,"u"))
A33: 28 | B33: =IF(INDEX(Klassenliste!$B$6:$B$40,28)=0,"",INDEX(Klassenliste!$B$6:$B$40,28)) | C33: =IF(INDEX(Klassenliste!$C$6:$C$40,28)=0,"",INDEX(Klassenliste!$C$6:$C$40,28)) | D33: =IF($B33="","",COUNTIF(F33:AI33,"e")+COUNTIF(F33:AI33,"u")) | E33: =IF($B33="","",COUNTIF(F33:AI33,"u"))
A34: 29 | B34: =IF(INDEX(Klassenliste!$B$6:$B$40,29)=0,"",INDEX(Klassenliste!$B$6:$B$40,29)) | C34: =IF(INDEX(Klassenliste!$C$6:$C$40,29)=0,"",INDEX(Klassenliste!$C$6:$C$40,29)) | D34: =IF($B34="","",COUNTIF(F34:AI34,"e")+COUNTIF(F34:AI34,"u")) | E34: =IF($B34="","",COUNTIF(F34:AI34,"u"))
A35: 30 | B35: =IF(INDEX(Klassenliste!$B$6:$B$40,30)=0,"",INDEX(Klassenliste!$B$6:$B$40,30)) | C35: =IF(INDEX(Klassenliste!$C$6:$C$40,30)=0,"",INDEX(Klassenliste!$C$6:$C$40,30)) | D35: =IF($B35="","",COUNTIF(F35:AI35,"e")+COUNTIF(F35:AI35,"u")) | E35: =IF($B35="","",COUNTIF(F35:AI35,"u"))
A36: 31 | B36: =IF(INDEX(Klassenliste!$B$6:$B$40,31)=0,"",INDEX(Klassenliste!$B$6:$B$40,31)) | C36: =IF(INDEX(Klassenliste!$C$6:$C$40,31)=0,"",INDEX(Klassenliste!$C$6:$C$40,31)) | D36: =IF($B36="","",COUNTIF(F36:AI36,"e")+COUNTIF(F36:AI36,"u")) | E36: =IF($B36="","",COUNTIF(F36:AI36,"u"))
A37: 32 | B37: =IF(INDEX(Klassenliste!$B$6:$B$40,32)=0,"",INDEX(Klassenliste!$B$6:$B$40,32)) | C37: =IF(INDEX(Klassenliste!$C$6:$C$40,32)=0,"",INDEX(Klassenliste!$C$6:$C$40,32)) | D37: =IF($B37="","",COUNTIF(F37:AI37,"e")+COUNTIF(F37:AI37,"u")) | E37: =IF($B37="","",COUNTIF(F37:AI37,"u"))
A38: 33 | B38: =IF(INDEX(Klassenliste!$B$6:$B$40,33)=0,"",INDEX(Klassenliste!$B$6:$B$40,33)) | C38: =IF(INDEX(Klassenliste!$C$6:$C$40,33)=0,"",INDEX(Klassenliste!$C$6:$C$40,33)) | D38: =IF($B38="","",COUNTIF(F38:AI38,"e")+COUNTIF(F38:AI38,"u")) | E38: =IF($B38="","",COUNTIF(F38:AI38,"u"))
A39: 34 | B39: =IF(INDEX(Klassenliste!$B$6:$B$40,34)=0,"",INDEX(Klassenliste!$B$6:$B$40,34)) | C39: =IF(INDEX(Klassenliste!$C$6:$C$40,34)=0,"",INDEX(Klassenliste!$C$6:$C$40,34)) | D39: =IF($B39="","",COUNTIF(F39:AI39,"e")+COUNTIF(F39:AI39,"u")) | E39: =IF($B39="","",COUNTIF(F39:AI39,"u"))
A40: 35 | B40: =IF(INDEX(Klassenliste!$B$6:$B$40,35)=0,"",INDEX(Klassenliste!$B$6:$B$40,35)) | C40: =IF(INDEX(Klassenliste!$C$6:$C$40,35)=0,"",INDEX(Klassenliste!$C$6:$C$40,35)) | D40: =IF($B40="","",COUNTIF(F40:AI40,"e")+COUNTIF(F40:AI40,"u")) | E40: =IF($B40="","",COUNTIF(F40:AI40,"u"))

Sheet Mat 2.HJ
A1: Material & Lernzeit 2. Halbjahr | AJ1: =HYPERLINK("#Start!A1","⌂")
B2: M = Material vergessen · L = Lernzeit/HA fehlt · i = iPad fehlt/ungeladen — kombinierbar (z. B. MLi) · mehrere Schüler: Zellen markieren, Kürzel tippen, Strg+Enter
F4: Datum →
A5: Nr | B5: Name | C5: Vorname | D5: M | E5: L | F5: iP
A6: 1 | B6: =IF(INDEX(Klassenliste!$B$6:$B$40,1)=0,"",INDEX(Klassenliste!$B$6:$B$40,1)) | C6: =IF(INDEX(Klassenliste!$C$6:$C$40,1)=0,"",INDEX(Klassenliste!$C$6:$C$40,1)) | D6: =IF($B6="","",COUNTIF(G6:AJ6,"*M*")) | E6: =IF($B6="","",COUNTIF(G6:AJ6,"*L*")) | F6: =IF($B6="","",COUNTIF(G6:AJ6,"*i*"))
A7: 2 | B7: =IF(INDEX(Klassenliste!$B$6:$B$40,2)=0,"",INDEX(Klassenliste!$B$6:$B$40,2)) | C7: =IF(INDEX(Klassenliste!$C$6:$C$40,2)=0,"",INDEX(Klassenliste!$C$6:$C$40,2)) | D7: =IF($B7="","",COUNTIF(G7:AJ7,"*M*")) | E7: =IF($B7="","",COUNTIF(G7:AJ7,"*L*")) | F7: =IF($B7="","",COUNTIF(G7:AJ7,"*i*"))
A8: 3 | B8: =IF(INDEX(Klassenliste!$B$6:$B$40,3)=0,"",INDEX(Klassenliste!$B$6:$B$40,3)) | C8: =IF(INDEX(Klassenliste!$C$6:$C$40,3)=0,"",INDEX(Klassenliste!$C$6:$C$40,3)) | D8: =IF($B8="","",COUNTIF(G8:AJ8,"*M*")) | E8: =IF($B8="","",COUNTIF(G8:AJ8,"*L*")) | F8: =IF($B8="","",COUNTIF(G8:AJ8,"*i*"))
A9: 4 | B9: =IF(INDEX(Klassenliste!$B$6:$B$40,4)=0,"",INDEX(Klassenliste!$B$6:$B$40,4)) | C9: =IF(INDEX(Klassenliste!$C$6:$C$40,4)=0,"",INDEX(Klassenliste!$C$6:$C$40,4)) | D9: =IF($B9="","",COUNTIF(G9:AJ9,"*M*")) | E9: =IF($B9="","",COUNTIF(G9:AJ9,"*L*")) | F9: =IF($B9="","",COUNTIF(G9:AJ9,"*i*"))
A10: 5 | B10: =IF(INDEX(Klassenliste!$B$6:$B$40,5)=0,"",INDEX(Klassenliste!$B$6:$B$40,5)) | C10: =IF(INDEX(Klassenliste!$C$6:$C$40,5)=0,"",INDEX(Klassenliste!$C$6:$C$40,5)) | D10: =IF($B10="","",COUNTIF(G10:AJ10,"*M*")) | E10: =IF($B10="","",COUNTIF(G10:AJ10,"*L*")) | F10: =IF($B10="","",COUNTIF(G10:AJ10,"*i*"))
A11: 6 | B11: =IF(INDEX(Klassenliste!$B$6:$B$40,6)=0,"",INDEX(Klassenliste!$B$6:$B$40,6)) | C11: =IF(INDEX(Klassenliste!$C$6:$C$40,6)=0,"",INDEX(Klassenliste!$C$6:$C$40,6)) | D11: =IF($B11="","",COUNTIF(G11:AJ11,"*M*")) | E11: =IF($B11="","",COUNTIF(G11:AJ11,"*L*")) | F11: =IF($B11="","",COUNTIF(G11:AJ11,"*i*"))
A12: 7 | B12: =IF(INDEX(Klassenliste!$B$6:$B$40,7)=0,"",INDEX(Klassenliste!$B$6:$B$40,7)) | C12: =IF(INDEX(Klassenliste!$C$6:$C$40,7)=0,"",INDEX(Klassenliste!$C$6:$C$40,7)) | D12: =IF($B12="","",COUNTIF(G12:AJ12,"*M*")) | E12: =IF($B12="","",COUNTIF(G12:AJ12,"*L*")) | F12: =IF($B12="","",COUNTIF(G12:AJ12,"*i*"))
A13: 8 | B13: =IF(INDEX(Klassenliste!$B$6:$B$40,8)=0,"",INDEX(Klassenliste!$B$6:$B$40,8)) | C13: =IF(INDEX(Klassenliste!$C$6:$C$40,8)=0,"",INDEX(Klassenliste!$C$6:$C$40,8)) | D13: =IF($B13="","",COUNTIF(G13:AJ13,"*M*")) | E13: =IF($B13="","",COUNTIF(G13:AJ13,"*L*")) | F13: =IF($B13="","",COUNTIF(G13:AJ13,"*i*"))
A14: 9 | B14: =IF(INDEX(Klassenliste!$B$6:$B$40,9)=0,"",INDEX(Klassenliste!$B$6:$B$40,9)) | C14: =IF(INDEX(Klassenliste!$C$6:$C$40,9)=0,"",INDEX(Klassenliste!$C$6:$C$40,9)) | D14: =IF($B14="","",COUNTIF(G14:AJ14,"*M*")) | E14: =IF($B14="","",COUNTIF(G14:AJ14,"*L*")) | F14: =IF($B14="","",COUNTIF(G14:AJ14,"*i*"))
A15: 10 | B15: =IF(INDEX(Klassenliste!$B$6:$B$40,10)=0,"",INDEX(Klassenliste!$B$6:$B$40,10)) | C15: =IF(INDEX(Klassenliste!$C$6:$C$40,10)=0,"",INDEX(Klassenliste!$C$6:$C$40,10)) | D15: =IF($B15="","",COUNTIF(G15:AJ15,"*M*")) | E15: =IF($B15="","",COUNTIF(G15:AJ15,"*L*")) | F15: =IF($B15="","",COUNTIF(G15:AJ15,"*i*"))
A16: 11 | B16: =IF(INDEX(Klassenliste!$B$6:$B$40,11)=0,"",INDEX(Klassenliste!$B$6:$B$40,11)) | C16: =IF(INDEX(Klassenliste!$C$6:$C$40,11)=0,"",INDEX(Klassenliste!$C$6:$C$40,11)) | D16: =IF($B16="","",COUNTIF(G16:AJ16,"*M*")) | E16: =IF($B16="","",COUNTIF(G16:AJ16,"*L*")) | F16: =IF($B16="","",COUNTIF(G16:AJ16,"*i*"))
A17: 12 | B17: =IF(INDEX(Klassenliste!$B$6:$B$40,12)=0,"",INDEX(Klassenliste!$B$6:$B$40,12)) | C17: =IF(INDEX(Klassenliste!$C$6:$C$40,12)=0,"",INDEX(Klassenliste!$C$6:$C$40,12)) | D17: =IF($B17="","",COUNTIF(G17:AJ17,"*M*")) | E17: =IF($B17="","",COUNTIF(G17:AJ17,"*L*")) | F17: =IF($B17="","",COUNTIF(G17:AJ17,"*i*"))
A18: 13 | B18: =IF(INDEX(Klassenliste!$B$6:$B$40,13)=0,"",INDEX(Klassenliste!$B$6:$B$40,13)) | C18: =IF(INDEX(Klassenliste!$C$6:$C$40,13)=0,"",INDEX(Klassenliste!$C$6:$C$40,13)) | D18: =IF($B18="","",COUNTIF(G18:AJ18,"*M*")) | E18: =IF($B18="","",COUNTIF(G18:AJ18,"*L*")) | F18: =IF($B18="","",COUNTIF(G18:AJ18,"*i*"))
A19: 14 | B19: =IF(INDEX(Klassenliste!$B$6:$B$40,14)=0,"",INDEX(Klassenliste!$B$6:$B$40,14)) | C19: =IF(INDEX(Klassenliste!$C$6:$C$40,14)=0,"",INDEX(Klassenliste!$C$6:$C$40,14)) | D19: =IF($B19="","",COUNTIF(G19:AJ19,"*M*")) | E19: =IF($B19="","",COUNTIF(G19:AJ19,"*L*")) | F19: =IF($B19="","",COUNTIF(G19:AJ19,"*i*"))
A20: 15 | B20: =IF(INDEX(Klassenliste!$B$6:$B$40,15)=0,"",INDEX(Klassenliste!$B$6:$B$40,15)) | C20: =IF(INDEX(Klassenliste!$C$6:$C$40,15)=0,"",INDEX(Klassenliste!$C$6:$C$40,15)) | D20: =IF($B20="","",COUNTIF(G20:AJ20,"*M*")) | E20: =IF($B20="","",COUNTIF(G20:AJ20,"*L*")) | F20: =IF($B20="","",COUNTIF(G20:AJ20,"*i*"))
A21: 16 | B21: =IF(INDEX(Klassenliste!$B$6:$B$40,16)=0,"",INDEX(Klassenliste!$B$6:$B$40,16)) | C21: =IF(INDEX(Klassenliste!$C$6:$C$40,16)=0,"",INDEX(Klassenliste!$C$6:$C$40,16)) | D21: =IF($B21="","",COUNTIF(G21:AJ21,"*M*")) | E21: =IF($B21="","",COUNTIF(G21:AJ21,"*L*")) | F21: =IF($B21="","",COUNTIF(G21:AJ21,"*i*"))
A22: 17 | B22: =IF(INDEX(Klassenliste!$B$6:$B$40,17)=0,"",INDEX(Klassenliste!$B$6:$B$40,17)) | C22: =IF(INDEX(Klassenliste!$C$6:$C$40,17)=0,"",INDEX(Klassenliste!$C$6:$C$40,17)) | D22: =IF($B22="","",COUNTIF(G22:AJ22,"*M*")) | E22: =IF($B22="","",COUNTIF(G22:AJ22,"*L*")) | F22: =IF($B22="","",COUNTIF(G22:AJ22,"*i*"))
A23: 18 | B23: =IF(INDEX(Klassenliste!$B$6:$B$40,18)=0,"",INDEX(Klassenliste!$B$6:$B$40,18)) | C23: =IF(INDEX(Klassenliste!$C$6:$C$40,18)=0,"",INDEX(Klassenliste!$C$6:$C$40,18)) | D23: =IF($B23="","",COUNTIF(G23:AJ23,"*M*")) | E23: =IF($B23="","",COUNTIF(G23:AJ23,"*L*")) | F23: =IF($B23="","",COUNTIF(G23:AJ23,"*i*"))
A24: 19 | B24: =IF(INDEX(Klassenliste!$B$6:$B$40,19)=0,"",INDEX(Klassenliste!$B$6:$B$40,19)) | C24: =IF(INDEX(Klassenliste!$C$6:$C$40,19)=0,"",INDEX(Klassenliste!$C$6:$C$40,19)) | D24: =IF($B24="","",COUNTIF(G24:AJ24,"*M*")) | E24: =IF($B24="","",COUNTIF(G24:AJ24,"*L*")) | F24: =IF($B24="","",COUNTIF(G24:AJ24,"*i*"))
A25: 20 | B25: =IF(INDEX(Klassenliste!$B$6:$B$40,20)=0,"",INDEX(Klassenliste!$B$6:$B$40,20)) | C25: =IF(INDEX(Klassenliste!$C$6:$C$40,20)=0,"",INDEX(Klassenliste!$C$6:$C$40,20)) | D25: =IF($B25="","",COUNTIF(G25:AJ25,"*M*")) | E25: =IF($B25="","",COUNTIF(G25:AJ25,"*L*")) | F25: =IF($B25="","",COUNTIF(G25:AJ25,"*i*"))
A26: 21 | B26: =IF(INDEX(Klassenliste!$B$6:$B$40,21)=0,"",INDEX(Klassenliste!$B$6:$B$40,21)) | C26: =IF(INDEX(Klassenliste!$C$6:$C$40,21)=0,"",INDEX(Klassenliste!$C$6:$C$40,21)) | D26: =IF($B26="","",COUNTIF(G26:AJ26,"*M*")) | E26: =IF($B26="","",COUNTIF(G26:AJ26,"*L*")) | F26: =IF($B26="","",COUNTIF(G26:AJ26,"*i*"))
A27: 22 | B27: =IF(INDEX(Klassenliste!$B$6:$B$40,22)=0,"",INDEX(Klassenliste!$B$6:$B$40,22)) | C27: =IF(INDEX(Klassenliste!$C$6:$C$40,22)=0,"",INDEX(Klassenliste!$C$6:$C$40,22)) | D27: =IF($B27="","",COUNTIF(G27:AJ27,"*M*")) | E27: =IF($B27="","",COUNTIF(G27:AJ27,"*L*")) | F27: =IF($B27="","",COUNTIF(G27:AJ27,"*i*"))
A28: 23 | B28: =IF(INDEX(Klassenliste!$B$6:$B$40,23)=0,"",INDEX(Klassenliste!$B$6:$B$40,23)) | C28: =IF(INDEX(Klassenliste!$C$6:$C$40,23)=0,"",INDEX(Klassenliste!$C$6:$C$40,23)) | D28: =IF($B28="","",COUNTIF(G28:AJ28,"*M*")) | E28: =IF($B28="","",COUNTIF(G28:AJ28,"*L*")) | F28: =IF($B28="","",COUNTIF(G28:AJ28,"*i*"))
A29: 24 | B29: =IF(INDEX(Klassenliste!$B$6:$B$40,24)=0,"",INDEX(Klassenliste!$B$6:$B$40,24)) | C29: =IF(INDEX(Klassenliste!$C$6:$C$40,24)=0,"",INDEX(Klassenliste!$C$6:$C$40,24)) | D29: =IF($B29="","",COUNTIF(G29:AJ29,"*M*")) | E29: =IF($B29="","",COUNTIF(G29:AJ29,"*L*")) | F29: =IF($B29="","",COUNTIF(G29:AJ29,"*i*"))
A30: 25 | B30: =IF(INDEX(Klassenliste!$B$6:$B$40,25)=0,"",INDEX(Klassenliste!$B$6:$B$40,25)) | C30: =IF(INDEX(Klassenliste!$C$6:$C$40,25)=0,"",INDEX(Klassenliste!$C$6:$C$40,25)) | D30: =IF($B30="","",COUNTIF(G30:AJ30,"*M*")) | E30: =IF($B30="","",COUNTIF(G30:AJ30,"*L*")) | F30: =IF($B30="","",COUNTIF(G30:AJ30,"*i*"))
A31: 26 | B31: =IF(INDEX(Klassenliste!$B$6:$B$40,26)=0,"",INDEX(Klassenliste!$B$6:$B$40,26)) | C31: =IF(INDEX(Klassenliste!$C$6:$C$40,26)=0,"",INDEX(Klassenliste!$C$6:$C$40,26)) | D31: =IF($B31="","",COUNTIF(G31:AJ31,"*M*")) | E31: =IF($B31="","",COUNTIF(G31:AJ31,"*L*")) | F31: =IF($B31="","",COUNTIF(G31:AJ31,"*i*"))
A32: 27 | B32: =IF(INDEX(Klassenliste!$B$6:$B$40,27)=0,"",INDEX(Klassenliste!$B$6:$B$40,27)) | C32: =IF(INDEX(Klassenliste!$C$6:$C$40,27)=0,"",INDEX(Klassenliste!$C$6:$C$40,27)) | D32: =IF($B32="","",COUNTIF(G32:AJ32,"*M*")) | E32: =IF($B32="","",COUNTIF(G32:AJ32,"*L*")) | F32: =IF($B32="","",COUNTIF(G32:AJ32,"*i*"))
A33: 28 | B33: =IF(INDEX(Klassenliste!$B$6:$B$40,28)=0,"",INDEX(Klassenliste!$B$6:$B$40,28)) | C33: =IF(INDEX(Klassenliste!$C$6:$C$40,28)=0,"",INDEX(Klassenliste!$C$6:$C$40,28)) | D33: =IF($B33="","",COUNTIF(G33:AJ33,"*M*")) | E33: =IF($B33="","",COUNTIF(G33:AJ33,"*L*")) | F33: =IF($B33="","",COUNTIF(G33:AJ33,"*i*"))
A34: 29 | B34: =IF(INDEX(Klassenliste!$B$6:$B$40,29)=0,"",INDEX(Klassenliste!$B$6:$B$40,29)) | C34: =IF(INDEX(Klassenliste!$C$6:$C$40,29)=0,"",INDEX(Klassenliste!$C$6:$C$40,29)) | D34: =IF($B34="","",COUNTIF(G34:AJ34,"*M*")) | E34: =IF($B34="","",COUNTIF(G34:AJ34,"*L*")) | F34: =IF($B34="","",COUNTIF(G34:AJ34,"*i*"))
A35: 30 | B35: =IF(INDEX(Klassenliste!$B$6:$B$40,30)=0,"",INDEX(Klassenliste!$B$6:$B$40,30)) | C35: =IF(INDEX(Klassenliste!$C$6:$C$40,30)=0,"",INDEX(Klassenliste!$C$6:$C$40,30)) | D35: =IF($B35="","",COUNTIF(G35:AJ35,"*M*")) | E35: =IF($B35="","",COUNTIF(G35:AJ35,"*L*")) | F35: =IF($B35="","",COUNTIF(G35:AJ35,"*i*"))
A36: 31 | B36: =IF(INDEX(Klassenliste!$B$6:$B$40,31)=0,"",INDEX(Klassenliste!$B$6:$B$40,31)) | C36: =IF(INDEX(Klassenliste!$C$6:$C$40,31)=0,"",INDEX(Klassenliste!$C$6:$C$40,31)) | D36: =IF($B36="","",COUNTIF(G36:AJ36,"*M*")) | E36: =IF($B36="","",COUNTIF(G36:AJ36,"*L*")) | F36: =IF($B36="","",COUNTIF(G36:AJ36,"*i*"))
A37: 32 | B37: =IF(INDEX(Klassenliste!$B$6:$B$40,32)=0,"",INDEX(Klassenliste!$B$6:$B$40,32)) | C37: =IF(INDEX(Klassenliste!$C$6:$C$40,32)=0,"",INDEX(Klassenliste!$C$6:$C$40,32)) | D37: =IF($B37="","",COUNTIF(G37:AJ37,"*M*")) | E37: =IF($B37="","",COUNTIF(G37:AJ37,"*L*")) | F37: =IF($B37="","",COUNTIF(G37:AJ37,"*i*"))
A38: 33 | B38: =IF(INDEX(Klassenliste!$B$6:$B$40,33)=0,"",INDEX(Klassenliste!$B$6:$B$40,33)) | C38: =IF(INDEX(Klassenliste!$C$6:$C$40,33)=0,"",INDEX(Klassenliste!$C$6:$C$40,33)) | D38: =IF($B38="","",COUNTIF(G38:AJ38,"*M*")) | E38: =IF($B38="","",COUNTIF(G38:AJ38,"*L*")) | F38: =IF($B38="","",COUNTIF(G38:AJ38,"*i*"))
A39: 34 | B39: =IF(INDEX(Klassenliste!$B$6:$B$40,34)=0,"",INDEX(Klassenliste!$B$6:$B$40,34)) | C39: =IF(INDEX(Klassenliste!$C$6:$C$40,34)=0,"",INDEX(Klassenliste!$C$6:$C$40,34)) | D39: =IF($B39="","",COUNTIF(G39:AJ39,"*M*")) | E39: =IF($B39="","",COUNTIF(G39:AJ39,"*L*")) | F39: =IF($B39="","",COUNTIF(G39:AJ39,"*i*"))
A40: 35 | B40: =IF(INDEX(Klassenliste!$B$6:$B$40,35)=0,"",INDEX(Klassenliste!$B$6:$B$40,35)) | C40: =IF(INDEX(Klassenliste!$C$6:$C$40,35)=0,"",INDEX(Klassenliste!$C$6:$C$40,35)) | D40: =IF($B40="","",COUNTIF(G40:AJ40,"*M*")) | E40: =IF($B40="","",COUNTIF(G40:AJ40,"*L*")) | F40: =IF($B40="","",COUNTIF(G40:AJ40,"*i*"))

Sheet Noten 2.HJ
A1: Notenübersicht 2. Halbjahr | AB1: =HYPERLINK("#Start!A1","⌂")
A2: =Klassenliste!$E$2&" · "&Klassenliste!$J$2&" · "&Klassenliste!$H$2&"" | L2: Einheit: Notenpunkte (0–15) · leere Zellen zählen nicht · Zeile 5 über m1–m6: frei beschriften (SoMi, Referat, Kurztest …)
D3: Quartalsnoten | F3: Quartal 1 · S = schriftlich (KA) · MA = Mitarbeit | P3: Quartal 2 | Z3: Halbjahr
C4: Gewichtung: | D4: 1 | E4: 1 | F4: 1 | G4: 1 | H4: 1 | I4: 1 | J4: 1 | K4: 1 | L4: 1 | M4: 1 | N4: 1 | O4: 1 | P4: 1 | Q4: 1 | R4: 1 | S4: 1 | T4: 1 | U4: 1 | V4: 1 | W4: 1 | X4: 1 | Y4: 1
C5: KA-Nr: | G5: 4 | I5: Art → | Q5: 5 | R5: 6 | S5: Art →
A6: Nr | B6: Name | C6: Vorname | D6: Q1 | E6: Q2 | F6: S (Q1) | G6: =IF(G$5="","(frei)","KA "&G$5) | H6: =IF(H$5="","(frei)","KA "&H$5) | I6: MA (Q1) | J6: m1 | K6: m2 | L6: m3 | M6: m4 | N6: m5 | O6: m6 | P6: S (Q2) | Q6: =IF(Q$5="","(frei)","KA "&Q$5) | R6: =IF(R$5="","(frei)","KA "&R$5) | S6: MA (Q2) | T6: m1 | U6: m2 | V6: m3 | W6: m4 | X6: m5 | Y6: m6 | Z6: HJ Ø | AA6: HJ Pkt | AB6: Note
A7: 1 | B7: =IF(INDEX(Klassenliste!$B$6:$B$40,1)=0,"",INDEX(Klassenliste!$B$6:$B$40,1)) | C7: =IF(INDEX(Klassenliste!$C$6:$C$40,1)=0,"",INDEX(Klassenliste!$C$6:$C$40,1)) | D7: =IF(((--ISNUMBER(F7))*$F$4+(--ISNUMBER(I7))*$I$4)=0,"",(IFERROR(F7*$F$4,0)+IFERROR(I7*$I$4,0))/((--ISNUMBER(F7))*$F$4+(--ISNUMBER(I7))*$I$4)) | E7: =IF(((--ISNUMBER(P7))*$P$4+(--ISNUMBER(S7))*$S$4)=0,"",(IFERROR(P7*$P$4,0)+IFERROR(S7*$S$4,0))/((--ISNUMBER(P7))*$P$4+(--ISNUMBER(S7))*$S$4)) | F7: =IF(SUMPRODUCT(--ISNUMBER(G7:H7),$G$4:$H$4)=0,"",SUMPRODUCT(G7:H7,$G$4:$H$4)/SUMPRODUCT(--ISNUMBER(G7:H7),$G$4:$H$4)) | G7: =IF(G$5="","",CHOOSE(G$5,KA1!$R8,KA2!$R8,KA3!$R8,KA4!$R8,KA5!$R8,KA6!$R8)) | H7: =IF(H$5="","",CHOOSE(H$5,KA1!$R8,KA2!$R8,KA3!$R8,KA4!$R8,KA5!$R8,KA6!$R8)) | I7: =IF(SUMPRODUCT(--ISNUMBER(J7:O7),$J$4:$O$4)=0,"",SUMPRODUCT(J7:O7,$J$4:$O$4)/SUMPRODUCT(--ISNUMBER(J7:O7),$J$4:$O$4)) | P7: =IF(SUMPRODUCT(--ISNUMBER(Q7:R7),$Q$4:$R$4)=0,"",SUMPRODUCT(Q7:R7,$Q$4:$R$4)/SUMPRODUCT(--ISNUMBER(Q7:R7),$Q$4:$R$4)) | Q7: =IF(Q$5="","",CHOOSE(Q$5,KA1!$R8,KA2!$R8,KA3!$R8,KA4!$R8,KA5!$R8,KA6!$R8)) | R7: =IF(R$5="","",CHOOSE(R$5,KA1!$R8,KA2!$R8,KA3!$R8,KA4!$R8,KA5!$R8,KA6!$R8)) | S7: =IF(SUMPRODUCT(--ISNUMBER(T7:Y7),$T$4:$Y$4)=0,"",SUMPRODUCT(T7:Y7,$T$4:$Y$4)/SUMPRODUCT(--ISNUMBER(T7:Y7),$T$4:$Y$4)) | Z7: =IF(((--ISNUMBER(D7))*$D$4+(--ISNUMBER(E7))*$E$4)=0,"",(IFERROR(D7*$D$4,0)+IFERROR(E7*$E$4,0))/((--ISNUMBER(D7))*$D$4+(--ISNUMBER(E7))*$E$4)) | AA7: =IF(Z7="","",ROUND(Z7,0)) | AB7: =IF(AA7="","",INDEX(Notentabelle!$B$4:$B$19,AA7+1))
A8: 2 | B8: =IF(INDEX(Klassenliste!$B$6:$B$40,2)=0,"",INDEX(Klassenliste!$B$6:$B$40,2)) | C8: =IF(INDEX(Klassenliste!$C$6:$C$40,2)=0,"",INDEX(Klassenliste!$C$6:$C$40,2)) | D8: =IF(((--ISNUMBER(F8))*$F$4+(--ISNUMBER(I8))*$I$4)=0,"",(IFERROR(F8*$F$4,0)+IFERROR(I8*$I$4,0))/((--ISNUMBER(F8))*$F$4+(--ISNUMBER(I8))*$I$4)) | E8: =IF(((--ISNUMBER(P8))*$P$4+(--ISNUMBER(S8))*$S$4)=0,"",(IFERROR(P8*$P$4,0)+IFERROR(S8*$S$4,0))/((--ISNUMBER(P8))*$P$4+(--ISNUMBER(S8))*$S$4)) | F8: =IF(SUMPRODUCT(--ISNUMBER(G8:H8),$G$4:$H$4)=0,"",SUMPRODUCT(G8:H8,$G$4:$H$4)/SUMPRODUCT(--ISNUMBER(G8:H8),$G$4:$H$4)) | G8: =IF(G$5="","",CHOOSE(G$5,KA1!$R9,KA2!$R9,KA3!$R9,KA4!$R9,KA5!$R9,KA6!$R9)) | H8: =IF(H$5="","",CHOOSE(H$5,KA1!$R9,KA2!$R9,KA3!$R9,KA4!$R9,KA5!$R9,KA6!$R9)) | I8: =IF(SUMPRODUCT(--ISNUMBER(J8:O8),$J$4:$O$4)=0,"",SUMPRODUCT(J8:O8,$J$4:$O$4)/SUMPRODUCT(--ISNUMBER(J8:O8),$J$4:$O$4)) | P8: =IF(SUMPRODUCT(--ISNUMBER(Q8:R8),$Q$4:$R$4)=0,"",SUMPRODUCT(Q8:R8,$Q$4:$R$4)/SUMPRODUCT(--ISNUMBER(Q8:R8),$Q$4:$R$4)) | Q8: =IF(Q$5="","",CHOOSE(Q$5,KA1!$R9,KA2!$R9,KA3!$R9,KA4!$R9,KA5!$R9,KA6!$R9)) | R8: =IF(R$5="","",CHOOSE(R$5,KA1!$R9,KA2!$R9,KA3!$R9,KA4!$R9,KA5!$R9,KA6!$R9)) | S8: =IF(SUMPRODUCT(--ISNUMBER(T8:Y8),$T$4:$Y$4)=0,"",SUMPRODUCT(T8:Y8,$T$4:$Y$4)/SUMPRODUCT(--ISNUMBER(T8:Y8),$T$4:$Y$4)) | Z8: =IF(((--ISNUMBER(D8))*$D$4+(--ISNUMBER(E8))*$E$4)=0,"",(IFERROR(D8*$D$4,0)+IFERROR(E8*$E$4,0))/((--ISNUMBER(D8))*$D$4+(--ISNUMBER(E8))*$E$4)) | AA8: =IF(Z8="","",ROUND(Z8,0)) | AB8: =IF(AA8="","",INDEX(Notentabelle!$B$4:$B$19,AA8+1))
A9: 3 | B9: =IF(INDEX(Klassenliste!$B$6:$B$40,3)=0,"",INDEX(Klassenliste!$B$6:$B$40,3)) | C9: =IF(INDEX(Klassenliste!$C$6:$C$40,3)=0,"",INDEX(Klassenliste!$C$6:$C$40,3)) | D9: =IF(((--ISNUMBER(F9))*$F$4+(--ISNUMBER(I9))*$I$4)=0,"",(IFERROR(F9*$F$4,0)+IFERROR(I9*$I$4,0))/((--ISNUMBER(F9))*$F$4+(--ISNUMBER(I9))*$I$4)) | E9: =IF(((--ISNUMBER(P9))*$P$4+(--ISNUMBER(S9))*$S$4)=0,"",(IFERROR(P9*$P$4,0)+IFERROR(S9*$S$4,0))/((--ISNUMBER(P9))*$P$4+(--ISNUMBER(S9))*$S$4)) | F9: =IF(SUMPRODUCT(--ISNUMBER(G9:H9),$G$4:$H$4)=0,"",SUMPRODUCT(G9:H9,$G$4:$H$4)/SUMPRODUCT(--ISNUMBER(G9:H9),$G$4:$H$4)) | G9: =IF(G$5="","",CHOOSE(G$5,KA1!$R10,KA2!$R10,KA3!$R10,KA4!$R10,KA5!$R10,KA6!$R10)) | H9: =IF(H$5="","",CHOOSE(H$5,KA1!$R10,KA2!$R10,KA3!$R10,KA4!$R10,KA5!$R10,KA6!$R10)) | I9: =IF(SUMPRODUCT(--ISNUMBER(J9:O9),$J$4:$O$4)=0,"",SUMPRODUCT(J9:O9,$J$4:$O$4)/SUMPRODUCT(--ISNUMBER(J9:O9),$J$4:$O$4)) | P9: =IF(SUMPRODUCT(--ISNUMBER(Q9:R9),$Q$4:$R$4)=0,"",SUMPRODUCT(Q9:R9,$Q$4:$R$4)/SUMPRODUCT(--ISNUMBER(Q9:R9),$Q$4:$R$4)) | Q9: =IF(Q$5="","",CHOOSE(Q$5,KA1!$R10,KA2!$R10,KA3!$R10,KA4!$R10,KA5!$R10,KA6!$R10)) | R9: =IF(R$5="","",CHOOSE(R$5,KA1!$R10,KA2!$R10,KA3!$R10,KA4!$R10,KA5!$R10,KA6!$R10)) | S9: =IF(SUMPRODUCT(--ISNUMBER(T9:Y9),$T$4:$Y$4)=0,"",SUMPRODUCT(T9:Y9,$T$4:$Y$4)/SUMPRODUCT(--ISNUMBER(T9:Y9),$T$4:$Y$4)) | Z9: =IF(((--ISNUMBER(D9))*$D$4+(--ISNUMBER(E9))*$E$4)=0,"",(IFERROR(D9*$D$4,0)+IFERROR(E9*$E$4,0))/((--ISNUMBER(D9))*$D$4+(--ISNUMBER(E9))*$E$4)) | AA9: =IF(Z9="","",ROUND(Z9,0)) | AB9: =IF(AA9="","",INDEX(Notentabelle!$B$4:$B$19,AA9+1))
A10: 4 | B10: =IF(INDEX(Klassenliste!$B$6:$B$40,4)=0,"",INDEX(Klassenliste!$B$6:$B$40,4)) | C10: =IF(INDEX(Klassenliste!$C$6:$C$40,4)=0,"",INDEX(Klassenliste!$C$6:$C$40,4)) | D10: =IF(((--ISNUMBER(F10))*$F$4+(--ISNUMBER(I10))*$I$4)=0,"",(IFERROR(F10*$F$4,0)+IFERROR(I10*$I$4,0))/((--ISNUMBER(F10))*$F$4+(--ISNUMBER(I10))*$I$4)) | E10: =IF(((--ISNUMBER(P10))*$P$4+(--ISNUMBER(S10))*$S$4)=0,"",(IFERROR(P10*$P$4,0)+IFERROR(S10*$S$4,0))/((--ISNUMBER(P10))*$P$4+(--ISNUMBER(S10))*$S$4)) | F10: =IF(SUMPRODUCT(--ISNUMBER(G10:H10),$G$4:$H$4)=0,"",SUMPRODUCT(G10:H10,$G$4:$H$4)/SUMPRODUCT(--ISNUMBER(G10:H10),$G$4:$H$4)) | G10: =IF(G$5="","",CHOOSE(G$5,KA1!$R11,KA2!$R11,KA3!$R11,KA4!$R11,KA5!$R11,KA6!$R11)) | H10: =IF(H$5="","",CHOOSE(H$5,KA1!$R11,KA2!$R11,KA3!$R11,KA4!$R11,KA5!$R11,KA6!$R11)) | I10: =IF(SUMPRODUCT(--ISNUMBER(J10:O10),$J$4:$O$4)=0,"",SUMPRODUCT(J10:O10,$J$4:$O$4)/SUMPRODUCT(--ISNUMBER(J10:O10),$J$4:$O$4)) | P10: =IF(SUMPRODUCT(--ISNUMBER(Q10:R10),$Q$4:$R$4)=0,"",SUMPRODUCT(Q10:R10,$Q$4:$R$4)/SUMPRODUCT(--ISNUMBER(Q10:R10),$Q$4:$R$4)) | Q10: =IF(Q$5="","",CHOOSE(Q$5,KA1!$R11,KA2!$R11,KA3!$R11,KA4!$R11,KA5!$R11,KA6!$R11)) | R10: =IF(R$5="","",CHOOSE(R$5,KA1!$R11,KA2!$R11,KA3!$R11,KA4!$R11,KA5!$R11,KA6!$R11)) | S10: =IF(SUMPRODUCT(--ISNUMBER(T10:Y10),$T$4:$Y$4)=0,"",SUMPRODUCT(T10:Y10,$T$4:$Y$4)/SUMPRODUCT(--ISNUMBER(T10:Y10),$T$4:$Y$4)) | Z10: =IF(((--ISNUMBER(D10))*$D$4+(--ISNUMBER(E10))*$E$4)=0,"",(IFERROR(D10*$D$4,0)+IFERROR(E10*$E$4,0))/((--ISNUMBER(D10))*$D$4+(--ISNUMBER(E10))*$E$4)) | AA10: =IF(Z10="","",ROUND(Z10,0)) | AB10: =IF(AA10="","",INDEX(Notentabelle!$B$4:$B$19,AA10+1))
A11: 5 | B11: =IF(INDEX(Klassenliste!$B$6:$B$40,5)=0,"",INDEX(Klassenliste!$B$6:$B$40,5)) | C11: =IF(INDEX(Klassenliste!$C$6:$C$40,5)=0,"",INDEX(Klassenliste!$C$6:$C$40,5)) | D11: =IF(((--ISNUMBER(F11))*$F$4+(--ISNUMBER(I11))*$I$4)=0,"",(IFERROR(F11*$F$4,0)+IFERROR(I11*$I$4,0))/((--ISNUMBER(F11))*$F$4+(--ISNUMBER(I11))*$I$4)) | E11: =IF(((--ISNUMBER(P11))*$P$4+(--ISNUMBER(S11))*$S$4)=0,"",(IFERROR(P11*$P$4,0)+IFERROR(S11*$S$4,0))/((--ISNUMBER(P11))*$P$4+(--ISNUMBER(S11))*$S$4)) | F11: =IF(SUMPRODUCT(--ISNUMBER(G11:H11),$G$4:$H$4)=0,"",SUMPRODUCT(G11:H11,$G$4:$H$4)/SUMPRODUCT(--ISNUMBER(G11:H11),$G$4:$H$4)) | G11: =IF(G$5="","",CHOOSE(G$5,KA1!$R12,KA2!$R12,KA3!$R12,KA4!$R12,KA5!$R12,KA6!$R12)) | H11: =IF(H$5="","",CHOOSE(H$5,KA1!$R12,KA2!$R12,KA3!$R12,KA4!$R12,KA5!$R12,KA6!$R12)) | I11: =IF(SUMPRODUCT(--ISNUMBER(J11:O11),$J$4:$O$4)=0,"",SUMPRODUCT(J11:O11,$J$4:$O$4)/SUMPRODUCT(--ISNUMBER(J11:O11),$J$4:$O$4)) | P11: =IF(SUMPRODUCT(--ISNUMBER(Q11:R11),$Q$4:$R$4)=0,"",SUMPRODUCT(Q11:R11,$Q$4:$R$4)/SUMPRODUCT(--ISNUMBER(Q11:R11),$Q$4:$R$4)) | Q11: =IF(Q$5="","",CHOOSE(Q$5,KA1!$R12,KA2!$R12,KA3!$R12,KA4!$R12,KA5!$R12,KA6!$R12)) | R11: =IF(R$5="","",CHOOSE(R$5,KA1!$R12,KA2!$R12,KA3!$R12,KA4!$R12,KA5!$R12,KA6!$R12)) | S11: =IF(SUMPRODUCT(--ISNUMBER(T11:Y11),$T$4:$Y$4)=0,"",SUMPRODUCT(T11:Y11,$T$4:$Y$4)/SUMPRODUCT(--ISNUMBER(T11:Y11),$T$4:$Y$4)) | Z11: =IF(((--ISNUMBER(D11))*$D$4+(--ISNUMBER(E11))*$E$4)=0,"",(IFERROR(D11*$D$4,0)+IFERROR(E11*$E$4,0))/((--ISNUMBER(D11))*$D$4+(--ISNUMBER(E11))*$E$4)) | AA11: =IF(Z11="","",ROUND(Z11,0)) | AB11: =IF(AA11="","",INDEX(Notentabelle!$B$4:$B$19,AA11+1))
A12: 6 | B12: =IF(INDEX(Klassenliste!$B$6:$B$40,6)=0,"",INDEX(Klassenliste!$B$6:$B$40,6)) | C12: =IF(INDEX(Klassenliste!$C$6:$C$40,6)=0,"",INDEX(Klassenliste!$C$6:$C$40,6)) | D12: =IF(((--ISNUMBER(F12))*$F$4+(--ISNUMBER(I12))*$I$4)=0,"",(IFERROR(F12*$F$4,0)+IFERROR(I12*$I$4,0))/((--ISNUMBER(F12))*$F$4+(--ISNUMBER(I12))*$I$4)) | E12: =IF(((--ISNUMBER(P12))*$P$4+(--ISNUMBER(S12))*$S$4)=0,"",(IFERROR(P12*$P$4,0)+IFERROR(S12*$S$4,0))/((--ISNUMBER(P12))*$P$4+(--ISNUMBER(S12))*$S$4)) | F12: =IF(SUMPRODUCT(--ISNUMBER(G12:H12),$G$4:$H$4)=0,"",SUMPRODUCT(G12:H12,$G$4:$H$4)/SUMPRODUCT(--ISNUMBER(G12:H12),$G$4:$H$4)) | G12: =IF(G$5="","",CHOOSE(G$5,KA1!$R13,KA2!$R13,KA3!$R13,KA4!$R13,KA5!$R13,KA6!$R13)) | H12: =IF(H$5="","",CHOOSE(H$5,KA1!$R13,KA2!$R13,KA3!$R13,KA4!$R13,KA5!$R13,KA6!$R13)) | I12: =IF(SUMPRODUCT(--ISNUMBER(J12:O12),$J$4:$O$4)=0,"",SUMPRODUCT(J12:O12,$J$4:$O$4)/SUMPRODUCT(--ISNUMBER(J12:O12),$J$4:$O$4)) | P12: =IF(SUMPRODUCT(--ISNUMBER(Q12:R12),$Q$4:$R$4)=0,"",SUMPRODUCT(Q12:R12,$Q$4:$R$4)/SUMPRODUCT(--ISNUMBER(Q12:R12),$Q$4:$R$4)) | Q12: =IF(Q$5="","",CHOOSE(Q$5,KA1!$R13,KA2!$R13,KA3!$R13,KA4!$R13,KA5!$R13,KA6!$R13)) | R12: =IF(R$5="","",CHOOSE(R$5,KA1!$R13,KA2!$R13,KA3!$R13,KA4!$R13,KA5!$R13,KA6!$R13)) | S12: =IF(SUMPRODUCT(--ISNUMBER(T12:Y12),$T$4:$Y$4)=0,"",SUMPRODUCT(T12:Y12,$T$4:$Y$4)/SUMPRODUCT(--ISNUMBER(T12:Y12),$T$4:$Y$4)) | Z12: =IF(((--ISNUMBER(D12))*$D$4+(--ISNUMBER(E12))*$E$4)=0,"",(IFERROR(D12*$D$4,0)+IFERROR(E12*$E$4,0))/((--ISNUMBER(D12))*$D$4+(--ISNUMBER(E12))*$E$4)) | AA12: =IF(Z12="","",ROUND(Z12,0)) | AB12: =IF(AA12="","",INDEX(Notentabelle!$B$4:$B$19,AA12+1))
A13: 7 | B13: =IF(INDEX(Klassenliste!$B$6:$B$40,7)=0,"",INDEX(Klassenliste!$B$6:$B$40,7)) | C13: =IF(INDEX(Klassenliste!$C$6:$C$40,7)=0,"",INDEX(Klassenliste!$C$6:$C$40,7)) | D13: =IF(((--ISNUMBER(F13))*$F$4+(--ISNUMBER(I13))*$I$4)=0,"",(IFERROR(F13*$F$4,0)+IFERROR(I13*$I$4,0))/((--ISNUMBER(F13))*$F$4+(--ISNUMBER(I13))*$I$4)) | E13: =IF(((--ISNUMBER(P13))*$P$4+(--ISNUMBER(S13))*$S$4)=0,"",(IFERROR(P13*$P$4,0)+IFERROR(S13*$S$4,0))/((--ISNUMBER(P13))*$P$4+(--ISNUMBER(S13))*$S$4)) | F13: =IF(SUMPRODUCT(--ISNUMBER(G13:H13),$G$4:$H$4)=0,"",SUMPRODUCT(G13:H13,$G$4:$H$4)/SUMPRODUCT(--ISNUMBER(G13:H13),$G$4:$H$4)) | G13: =IF(G$5="","",CHOOSE(G$5,KA1!$R14,KA2!$R14,KA3!$R14,KA4!$R14,KA5!$R14,KA6!$R14)) | H13: =IF(H$5="","",CHOOSE(H$5,KA1!$R14,KA2!$R14,KA3!$R14,KA4!$R14,KA5!$R14,KA6!$R14)) | I13: =IF(SUMPRODUCT(--ISNUMBER(J13:O13),$J$4:$O$4)=0,"",SUMPRODUCT(J13:O13,$J$4:$O$4)/SUMPRODUCT(--ISNUMBER(J13:O13),$J$4:$O$4)) | P13: =IF(SUMPRODUCT(--ISNUMBER(Q13:R13),$Q$4:$R$4)=0,"",SUMPRODUCT(Q13:R13,$Q$4:$R$4)/SUMPRODUCT(--ISNUMBER(Q13:R13),$Q$4:$R$4)) | Q13: =IF(Q$5="","",CHOOSE(Q$5,KA1!$R14,KA2!$R14,KA3!$R14,KA4!$R14,KA5!$R14,KA6!$R14)) | R13: =IF(R$5="","",CHOOSE(R$5,KA1!$R14,KA2!$R14,KA3!$R14,KA4!$R14,KA5!$R14,KA6!$R14)) | S13: =IF(SUMPRODUCT(--ISNUMBER(T13:Y13),$T$4:$Y$4)=0,"",SUMPRODUCT(T13:Y13,$T$4:$Y$4)/SUMPRODUCT(--ISNUMBER(T13:Y13),$T$4:$Y$4)) | Z13: =IF(((--ISNUMBER(D13))*$D$4+(--ISNUMBER(E13))*$E$4)=0,"",(IFERROR(D13*$D$4,0)+IFERROR(E13*$E$4,0))/((--ISNUMBER(D13))*$D$4+(--ISNUMBER(E13))*$E$4)) | AA13: =IF(Z13="","",ROUND(Z13,0)) | AB13: =IF(AA13="","",INDEX(Notentabelle!$B$4:$B$19,AA13+1))
A14: 8 | B14: =IF(INDEX(Klassenliste!$B$6:$B$40,8)=0,"",INDEX(Klassenliste!$B$6:$B$40,8)) | C14: =IF(INDEX(Klassenliste!$C$6:$C$40,8)=0,"",INDEX(Klassenliste!$C$6:$C$40,8)) | D14: =IF(((--ISNUMBER(F14))*$F$4+(--ISNUMBER(I14))*$I$4)=0,"",(IFERROR(F14*$F$4,0)+IFERROR(I14*$I$4,0))/((--ISNUMBER(F14))*$F$4+(--ISNUMBER(I14))*$I$4)) | E14: =IF(((--ISNUMBER(P14))*$P$4+(--ISNUMBER(S14))*$S$4)=0,"",(IFERROR(P14*$P$4,0)+IFERROR(S14*$S$4,0))/((--ISNUMBER(P14))*$P$4+(--ISNUMBER(S14))*$S$4)) | F14: =IF(SUMPRODUCT(--ISNUMBER(G14:H14),$G$4:$H$4)=0,"",SUMPRODUCT(G14:H14,$G$4:$H$4)/SUMPRODUCT(--ISNUMBER(G14:H14),$G$4:$H$4)) | G14: =IF(G$5="","",CHOOSE(G$5,KA1!$R15,KA2!$R15,KA3!$R15,KA4!$R15,KA5!$R15,KA6!$R15)) | H14: =IF(H$5="","",CHOOSE(H$5,KA1!$R15,KA2!$R15,KA3!$R15,KA4!$R15,KA5!$R15,KA6!$R15)) | I14: =IF(SUMPRODUCT(--ISNUMBER(J14:O14),$J$4:$O$4)=0,"",SUMPRODUCT(J14:O14,$J$4:$O$4)/SUMPRODUCT(--ISNUMBER(J14:O14),$J$4:$O$4)) | P14: =IF(SUMPRODUCT(--ISNUMBER(Q14:R14),$Q$4:$R$4)=0,"",SUMPRODUCT(Q14:R14,$Q$4:$R$4)/SUMPRODUCT(--ISNUMBER(Q14:R14),$Q$4:$R$4)) | Q14: =IF(Q$5="","",CHOOSE(Q$5,KA1!$R15,KA2!$R15,KA3!$R15,KA4!$R15,KA5!$R15,KA6!$R15)) | R14: =IF(R$5="","",CHOOSE(R$5,KA1!$R15,KA2!$R15,KA3!$R15,KA4!$R15,KA5!$R15,KA6!$R15)) | S14: =IF(SUMPRODUCT(--ISNUMBER(T14:Y14),$T$4:$Y$4)=0,"",SUMPRODUCT(T14:Y14,$T$4:$Y$4)/SUMPRODUCT(--ISNUMBER(T14:Y14),$T$4:$Y$4)) | Z14: =IF(((--ISNUMBER(D14))*$D$4+(--ISNUMBER(E14))*$E$4)=0,"",(IFERROR(D14*$D$4,0)+IFERROR(E14*$E$4,0))/((--ISNUMBER(D14))*$D$4+(--ISNUMBER(E14))*$E$4)) | AA14: =IF(Z14="","",ROUND(Z14,0)) | AB14: =IF(AA14="","",INDEX(Notentabelle!$B$4:$B$19,AA14+1))
A15: 9 | B15: =IF(INDEX(Klassenliste!$B$6:$B$40,9)=0,"",INDEX(Klassenliste!$B$6:$B$40,9)) | C15: =IF(INDEX(Klassenliste!$C$6:$C$40,9)=0,"",INDEX(Klassenliste!$C$6:$C$40,9)) | D15: =IF(((--ISNUMBER(F15))*$F$4+(--ISNUMBER(I15))*$I$4)=0,"",(IFERROR(F15*$F$4,0)+IFERROR(I15*$I$4,0))/((--ISNUMBER(F15))*$F$4+(--ISNUMBER(I15))*$I$4)) | E15: =IF(((--ISNUMBER(P15))*$P$4+(--ISNUMBER(S15))*$S$4)=0,"",(IFERROR(P15*$P$4,0)+IFERROR(S15*$S$4,0))/((--ISNUMBER(P15))*$P$4+(--ISNUMBER(S15))*$S$4)) | F15: =IF(SUMPRODUCT(--ISNUMBER(G15:H15),$G$4:$H$4)=0,"",SUMPRODUCT(G15:H15,$G$4:$H$4)/SUMPRODUCT(--ISNUMBER(G15:H15),$G$4:$H$4)) | G15: =IF(G$5="","",CHOOSE(G$5,KA1!$R16,KA2!$R16,KA3!$R16,KA4!$R16,KA5!$R16,KA6!$R16)) | H15: =IF(H$5="","",CHOOSE(H$5,KA1!$R16,KA2!$R16,KA3!$R16,KA4!$R16,KA5!$R16,KA6!$R16)) | I15: =IF(SUMPRODUCT(--ISNUMBER(J15:O15),$J$4:$O$4)=0,"",SUMPRODUCT(J15:O15,$J$4:$O$4)/SUMPRODUCT(--ISNUMBER(J15:O15),$J$4:$O$4)) | P15: =IF(SUMPRODUCT(--ISNUMBER(Q15:R15),$Q$4:$R$4)=0,"",SUMPRODUCT(Q15:R15,$Q$4:$R$4)/SUMPRODUCT(--ISNUMBER(Q15:R15),$Q$4:$R$4)) | Q15: =IF(Q$5="","",CHOOSE(Q$5,KA1!$R16,KA2!$R16,KA3!$R16,KA4!$R16,KA5!$R16,KA6!$R16)) | R15: =IF(R$5="","",CHOOSE(R$5,KA1!$R16,KA2!$R16,KA3!$R16,KA4!$R16,KA5!$R16,KA6!$R16)) | S15: =IF(SUMPRODUCT(--ISNUMBER(T15:Y15),$T$4:$Y$4)=0,"",SUMPRODUCT(T15:Y15,$T$4:$Y$4)/SUMPRODUCT(--ISNUMBER(T15:Y15),$T$4:$Y$4)) | Z15: =IF(((--ISNUMBER(D15))*$D$4+(--ISNUMBER(E15))*$E$4)=0,"",(IFERROR(D15*$D$4,0)+IFERROR(E15*$E$4,0))/((--ISNUMBER(D15))*$D$4+(--ISNUMBER(E15))*$E$4)) | AA15: =IF(Z15="","",ROUND(Z15,0)) | AB15: =IF(AA15="","",INDEX(Notentabelle!$B$4:$B$19,AA15+1))
A16: 10 | B16: =IF(INDEX(Klassenliste!$B$6:$B$40,10)=0,"",INDEX(Klassenliste!$B$6:$B$40,10)) | C16: =IF(INDEX(Klassenliste!$C$6:$C$40,10)=0,"",INDEX(Klassenliste!$C$6:$C$40,10)) | D16: =IF(((--ISNUMBER(F16))*$F$4+(--ISNUMBER(I16))*$I$4)=0,"",(IFERROR(F16*$F$4,0)+IFERROR(I16*$I$4,0))/((--ISNUMBER(F16))*$F$4+(--ISNUMBER(I16))*$I$4)) | E16: =IF(((--ISNUMBER(P16))*$P$4+(--ISNUMBER(S16))*$S$4)=0,"",(IFERROR(P16*$P$4,0)+IFERROR(S16*$S$4,0))/((--ISNUMBER(P16))*$P$4+(--ISNUMBER(S16))*$S$4)) | F16: =IF(SUMPRODUCT(--ISNUMBER(G16:H16),$G$4:$H$4)=0,"",SUMPRODUCT(G16:H16,$G$4:$H$4)/SUMPRODUCT(--ISNUMBER(G16:H16),$G$4:$H$4)) | G16: =IF(G$5="","",CHOOSE(G$5,KA1!$R17,KA2!$R17,KA3!$R17,KA4!$R17,KA5!$R17,KA6!$R17)) | H16: =IF(H$5="","",CHOOSE(H$5,KA1!$R17,KA2!$R17,KA3!$R17,KA4!$R17,KA5!$R17,KA6!$R17)) | I16: =IF(SUMPRODUCT(--ISNUMBER(J16:O16),$J$4:$O$4)=0,"",SUMPRODUCT(J16:O16,$J$4:$O$4)/SUMPRODUCT(--ISNUMBER(J16:O16),$J$4:$O$4)) | P16: =IF(SUMPRODUCT(--ISNUMBER(Q16:R16),$Q$4:$R$4)=0,"",SUMPRODUCT(Q16:R16,$Q$4:$R$4)/SUMPRODUCT(--ISNUMBER(Q16:R16),$Q$4:$R$4)) | Q16: =IF(Q$5="","",CHOOSE(Q$5,KA1!$R17,KA2!$R17,KA3!$R17,KA4!$R17,KA5!$R17,KA6!$R17)) | R16: =IF(R$5="","",CHOOSE(R$5,KA1!$R17,KA2!$R17,KA3!$R17,KA4!$R17,KA5!$R17,KA6!$R17)) | S16: =IF(SUMPRODUCT(--ISNUMBER(T16:Y16),$T$4:$Y$4)=0,"",SUMPRODUCT(T16:Y16,$T$4:$Y$4)/SUMPRODUCT(--ISNUMBER(T16:Y16),$T$4:$Y$4)) | Z16: =IF(((--ISNUMBER(D16))*$D$4+(--ISNUMBER(E16))*$E$4)=0,"",(IFERROR(D16*$D$4,0)+IFERROR(E16*$E$4,0))/((--ISNUMBER(D16))*$D$4+(--ISNUMBER(E16))*$E$4)) | AA16: =IF(Z16="","",ROUND(Z16,0)) | AB16: =IF(AA16="","",INDEX(Notentabelle!$B$4:$B$19,AA16+1))
A17: 11 | B17: =IF(INDEX(Klassenliste!$B$6:$B$40,11)=0,"",INDEX(Klassenliste!$B$6:$B$40,11)) | C17: =IF(INDEX(Klassenliste!$C$6:$C$40,11)=0,"",INDEX(Klassenliste!$C$6:$C$40,11)) | D17: =IF(((--ISNUMBER(F17))*$F$4+(--ISNUMBER(I17))*$I$4)=0,"",(IFERROR(F17*$F$4,0)+IFERROR(I17*$I$4,0))/((--ISNUMBER(F17))*$F$4+(--ISNUMBER(I17))*$I$4)) | E17: =IF(((--ISNUMBER(P17))*$P$4+(--ISNUMBER(S17))*$S$4)=0,"",(IFERROR(P17*$P$4,0)+IFERROR(S17*$S$4,0))/((--ISNUMBER(P17))*$P$4+(--ISNUMBER(S17))*$S$4)) | F17: =IF(SUMPRODUCT(--ISNUMBER(G17:H17),$G$4:$H$4)=0,"",SUMPRODUCT(G17:H17,$G$4:$H$4)/SUMPRODUCT(--ISNUMBER(G17:H17),$G$4:$H$4)) | G17: =IF(G$5="","",CHOOSE(G$5,KA1!$R18,KA2!$R18,KA3!$R18,KA4!$R18,KA5!$R18,KA6!$R18)) | H17: =IF(H$5="","",CHOOSE(H$5,KA1!$R18,KA2!$R18,KA3!$R18,KA4!$R18,KA5!$R18,KA6!$R18)) | I17: =IF(SUMPRODUCT(--ISNUMBER(J17:O17),$J$4:$O$4)=0,"",SUMPRODUCT(J17:O17,$J$4:$O$4)/SUMPRODUCT(--ISNUMBER(J17:O17),$J$4:$O$4)) | P17: =IF(SUMPRODUCT(--ISNUMBER(Q17:R17),$Q$4:$R$4)=0,"",SUMPRODUCT(Q17:R17,$Q$4:$R$4)/SUMPRODUCT(--ISNUMBER(Q17:R17),$Q$4:$R$4)) | Q17: =IF(Q$5="","",CHOOSE(Q$5,KA1!$R18,KA2!$R18,KA3!$R18,KA4!$R18,KA5!$R18,KA6!$R18)) | R17: =IF(R$5="","",CHOOSE(R$5,KA1!$R18,KA2!$R18,KA3!$R18,KA4!$R18,KA5!$R18,KA6!$R18)) | S17: =IF(SUMPRODUCT(--ISNUMBER(T17:Y17),$T$4:$Y$4)=0,"",SUMPRODUCT(T17:Y17,$T$4:$Y$4)/SUMPRODUCT(--ISNUMBER(T17:Y17),$T$4:$Y$4)) | Z17: =IF(((--ISNUMBER(D17))*$D$4+(--ISNUMBER(E17))*$E$4)=0,"",(IFERROR(D17*$D$4,0)+IFERROR(E17*$E$4,0))/((--ISNUMBER(D17))*$D$4+(--ISNUMBER(E17))*$E$4)) | AA17: =IF(Z17="","",ROUND(Z17,0)) | AB17: =IF(AA17="","",INDEX(Notentabelle!$B$4:$B$19,AA17+1))
A18: 12 | B18: =IF(INDEX(Klassenliste!$B$6:$B$40,12)=0,"",INDEX(Klassenliste!$B$6:$B$40,12)) | C18: =IF(INDEX(Klassenliste!$C$6:$C$40,12)=0,"",INDEX(Klassenliste!$C$6:$C$40,12)) | D18: =IF(((--ISNUMBER(F18))*$F$4+(--ISNUMBER(I18))*$I$4)=0,"",(IFERROR(F18*$F$4,0)+IFERROR(I18*$I$4,0))/((--ISNUMBER(F18))*$F$4+(--ISNUMBER(I18))*$I$4)) | E18: =IF(((--ISNUMBER(P18))*$P$4+(--ISNUMBER(S18))*$S$4)=0,"",(IFERROR(P18*$P$4,0)+IFERROR(S18*$S$4,0))/((--ISNUMBER(P18))*$P$4+(--ISNUMBER(S18))*$S$4)) | F18: =IF(SUMPRODUCT(--ISNUMBER(G18:H18),$G$4:$H$4)=0,"",SUMPRODUCT(G18:H18,$G$4:$H$4)/SUMPRODUCT(--ISNUMBER(G18:H18),$G$4:$H$4)) | G18: =IF(G$5="","",CHOOSE(G$5,KA1!$R19,KA2!$R19,KA3!$R19,KA4!$R19,KA5!$R19,KA6!$R19)) | H18: =IF(H$5="","",CHOOSE(H$5,KA1!$R19,KA2!$R19,KA3!$R19,KA4!$R19,KA5!$R19,KA6!$R19)) | I18: =IF(SUMPRODUCT(--ISNUMBER(J18:O18),$J$4:$O$4)=0,"",SUMPRODUCT(J18:O18,$J$4:$O$4)/SUMPRODUCT(--ISNUMBER(J18:O18),$J$4:$O$4)) | P18: =IF(SUMPRODUCT(--ISNUMBER(Q18:R18),$Q$4:$R$4)=0,"",SUMPRODUCT(Q18:R18,$Q$4:$R$4)/SUMPRODUCT(--ISNUMBER(Q18:R18),$Q$4:$R$4)) | Q18: =IF(Q$5="","",CHOOSE(Q$5,KA1!$R19,KA2!$R19,KA3!$R19,KA4!$R19,KA5!$R19,KA6!$R19)) | R18: =IF(R$5="","",CHOOSE(R$5,KA1!$R19,KA2!$R19,KA3!$R19,KA4!$R19,KA5!$R19,KA6!$R19)) | S18: =IF(SUMPRODUCT(--ISNUMBER(T18:Y18),$T$4:$Y$4)=0,"",SUMPRODUCT(T18:Y18,$T$4:$Y$4)/SUMPRODUCT(--ISNUMBER(T18:Y18),$T$4:$Y$4)) | Z18: =IF(((--ISNUMBER(D18))*$D$4+(--ISNUMBER(E18))*$E$4)=0,"",(IFERROR(D18*$D$4,0)+IFERROR(E18*$E$4,0))/((--ISNUMBER(D18))*$D$4+(--ISNUMBER(E18))*$E$4)) | AA18: =IF(Z18="","",ROUND(Z18,0)) | AB18: =IF(AA18="","",INDEX(Notentabelle!$B$4:$B$19,AA18+1))
A19: 13 | B19: =IF(INDEX(Klassenliste!$B$6:$B$40,13)=0,"",INDEX(Klassenliste!$B$6:$B$40,13)) | C19: =IF(INDEX(Klassenliste!$C$6:$C$40,13)=0,"",INDEX(Klassenliste!$C$6:$C$40,13)) | D19: =IF(((--ISNUMBER(F19))*$F$4+(--ISNUMBER(I19))*$I$4)=0,"",(IFERROR(F19*$F$4,0)+IFERROR(I19*$I$4,0))/((--ISNUMBER(F19))*$F$4+(--ISNUMBER(I19))*$I$4)) | E19: =IF(((--ISNUMBER(P19))*$P$4+(--ISNUMBER(S19))*$S$4)=0,"",(IFERROR(P19*$P$4,0)+IFERROR(S19*$S$4,0))/((--ISNUMBER(P19))*$P$4+(--ISNUMBER(S19))*$S$4)) | F19: =IF(SUMPRODUCT(--ISNUMBER(G19:H19),$G$4:$H$4)=0,"",SUMPRODUCT(G19:H19,$G$4:$H$4)/SUMPRODUCT(--ISNUMBER(G19:H19),$G$4:$H$4)) | G19: =IF(G$5="","",CHOOSE(G$5,KA1!$R20,KA2!$R20,KA3!$R20,KA4!$R20,KA5!$R20,KA6!$R20)) | H19: =IF(H$5="","",CHOOSE(H$5,KA1!$R20,KA2!$R20,KA3!$R20,KA4!$R20,KA5!$R20,KA6!$R20)) | I19: =IF(SUMPRODUCT(--ISNUMBER(J19:O19),$J$4:$O$4)=0,"",SUMPRODUCT(J19:O19,$J$4:$O$4)/SUMPRODUCT(--ISNUMBER(J19:O19),$J$4:$O$4)) | P19: =IF(SUMPRODUCT(--ISNUMBER(Q19:R19),$Q$4:$R$4)=0,"",SUMPRODUCT(Q19:R19,$Q$4:$R$4)/SUMPRODUCT(--ISNUMBER(Q19:R19),$Q$4:$R$4)) | Q19: =IF(Q$5="","",CHOOSE(Q$5,KA1!$R20,KA2!$R20,KA3!$R20,KA4!$R20,KA5!$R20,KA6!$R20)) | R19: =IF(R$5="","",CHOOSE(R$5,KA1!$R20,KA2!$R20,KA3!$R20,KA4!$R20,KA5!$R20,KA6!$R20)) | S19: =IF(SUMPRODUCT(--ISNUMBER(T19:Y19),$T$4:$Y$4)=0,"",SUMPRODUCT(T19:Y19,$T$4:$Y$4)/SUMPRODUCT(--ISNUMBER(T19:Y19),$T$4:$Y$4)) | Z19: =IF(((--ISNUMBER(D19))*$D$4+(--ISNUMBER(E19))*$E$4)=0,"",(IFERROR(D19*$D$4,0)+IFERROR(E19*$E$4,0))/((--ISNUMBER(D19))*$D$4+(--ISNUMBER(E19))*$E$4)) | AA19: =IF(Z19="","",ROUND(Z19,0)) | AB19: =IF(AA19="","",INDEX(Notentabelle!$B$4:$B$19,AA19+1))
A20: 14 | B20: =IF(INDEX(Klassenliste!$B$6:$B$40,14)=0,"",INDEX(Klassenliste!$B$6:$B$40,14)) | C20: =IF(INDEX(Klassenliste!$C$6:$C$40,14)=0,"",INDEX(Klassenliste!$C$6:$C$40,14)) | D20: =IF(((--ISNUMBER(F20))*$F$4+(--ISNUMBER(I20))*$I$4)=0,"",(IFERROR(F20*$F$4,0)+IFERROR(I20*$I$4,0))/((--ISNUMBER(F20))*$F$4+(--ISNUMBER(I20))*$I$4)) | E20: =IF(((--ISNUMBER(P20))*$P$4+(--ISNUMBER(S20))*$S$4)=0,"",(IFERROR(P20*$P$4,0)+IFERROR(S20*$S$4,0))/((--ISNUMBER(P20))*$P$4+(--ISNUMBER(S20))*$S$4)) | F20: =IF(SUMPRODUCT(--ISNUMBER(G20:H20),$G$4:$H$4)=0,"",SUMPRODUCT(G20:H20,$G$4:$H$4)/SUMPRODUCT(--ISNUMBER(G20:H20),$G$4:$H$4)) | G20: =IF(G$5="","",CHOOSE(G$5,KA1!$R21,KA2!$R21,KA3!$R21,KA4!$R21,KA5!$R21,KA6!$R21)) | H20: =IF(H$5="","",CHOOSE(H$5,KA1!$R21,KA2!$R21,KA3!$R21,KA4!$R21,KA5!$R21,KA6!$R21)) | I20: =IF(SUMPRODUCT(--ISNUMBER(J20:O20),$J$4:$O$4)=0,"",SUMPRODUCT(J20:O20,$J$4:$O$4)/SUMPRODUCT(--ISNUMBER(J20:O20),$J$4:$O$4)) | P20: =IF(SUMPRODUCT(--ISNUMBER(Q20:R20),$Q$4:$R$4)=0,"",SUMPRODUCT(Q20:R20,$Q$4:$R$4)/SUMPRODUCT(--ISNUMBER(Q20:R20),$Q$4:$R$4)) | Q20: =IF(Q$5="","",CHOOSE(Q$5,KA1!$R21,KA2!$R21,KA3!$R21,KA4!$R21,KA5!$R21,KA6!$R21)) | R20: =IF(R$5="","",CHOOSE(R$5,KA1!$R21,KA2!$R21,KA3!$R21,KA4!$R21,KA5!$R21,KA6!$R21)) | S20: =IF(SUMPRODUCT(--ISNUMBER(T20:Y20),$T$4:$Y$4)=0,"",SUMPRODUCT(T20:Y20,$T$4:$Y$4)/SUMPRODUCT(--ISNUMBER(T20:Y20),$T$4:$Y$4)) | Z20: =IF(((--ISNUMBER(D20))*$D$4+(--ISNUMBER(E20))*$E$4)=0,"",(IFERROR(D20*$D$4,0)+IFERROR(E20*$E$4,0))/((--ISNUMBER(D20))*$D$4+(--ISNUMBER(E20))*$E$4)) | AA20: =IF(Z20="","",ROUND(Z20,0)) | AB20: =IF(AA20="","",INDEX(Notentabelle!$B$4:$B$19,AA20+1))
A21: 15 | B21: =IF(INDEX(Klassenliste!$B$6:$B$40,15)=0,"",INDEX(Klassenliste!$B$6:$B$40,15)) | C21: =IF(INDEX(Klassenliste!$C$6:$C$40,15)=0,"",INDEX(Klassenliste!$C$6:$C$40,15)) | D21: =IF(((--ISNUMBER(F21))*$F$4+(--ISNUMBER(I21))*$I$4)=0,"",(IFERROR(F21*$F$4,0)+IFERROR(I21*$I$4,0))/((--ISNUMBER(F21))*$F$4+(--ISNUMBER(I21))*$I$4)) | E21: =IF(((--ISNUMBER(P21))*$P$4+(--ISNUMBER(S21))*$S$4)=0,"",(IFERROR(P21*$P$4,0)+IFERROR(S21*$S$4,0))/((--ISNUMBER(P21))*$P$4+(--ISNUMBER(S21))*$S$4)) | F21: =IF(SUMPRODUCT(--ISNUMBER(G21:H21),$G$4:$H$4)=0,"",SUMPRODUCT(G21:H21,$G$4:$H$4)/SUMPRODUCT(--ISNUMBER(G21:H21),$G$4:$H$4)) | G21: =IF(G$5="","",CHOOSE(G$5,KA1!$R22,KA2!$R22,KA3!$R22,KA4!$R22,KA5!$R22,KA6!$R22)) | H21: =IF(H$5="","",CHOOSE(H$5,KA1!$R22,KA2!$R22,KA3!$R22,KA4!$R22,KA5!$R22,KA6!$R22)) | I21: =IF(SUMPRODUCT(--ISNUMBER(J21:O21),$J$4:$O$4)=0,"",SUMPRODUCT(J21:O21,$J$4:$O$4)/SUMPRODUCT(--ISNUMBER(J21:O21),$J$4:$O$4)) | P21: =IF(SUMPRODUCT(--ISNUMBER(Q21:R21),$Q$4:$R$4)=0,"",SUMPRODUCT(Q21:R21,$Q$4:$R$4)/SUMPRODUCT(--ISNUMBER(Q21:R21),$Q$4:$R$4)) | Q21: =IF(Q$5="","",CHOOSE(Q$5,KA1!$R22,KA2!$R22,KA3!$R22,KA4!$R22,KA5!$R22,KA6!$R22)) | R21: =IF(R$5="","",CHOOSE(R$5,KA1!$R22,KA2!$R22,KA3!$R22,KA4!$R22,KA5!$R22,KA6!$R22)) | S21: =IF(SUMPRODUCT(--ISNUMBER(T21:Y21),$T$4:$Y$4)=0,"",SUMPRODUCT(T21:Y21,$T$4:$Y$4)/SUMPRODUCT(--ISNUMBER(T21:Y21),$T$4:$Y$4)) | Z21: =IF(((--ISNUMBER(D21))*$D$4+(--ISNUMBER(E21))*$E$4)=0,"",(IFERROR(D21*$D$4,0)+IFERROR(E21*$E$4,0))/((--ISNUMBER(D21))*$D$4+(--ISNUMBER(E21))*$E$4)) | AA21: =IF(Z21="","",ROUND(Z21,0)) | AB21: =IF(AA21="","",INDEX(Notentabelle!$B$4:$B$19,AA21+1))
A22: 16 | B22: =IF(INDEX(Klassenliste!$B$6:$B$40,16)=0,"",INDEX(Klassenliste!$B$6:$B$40,16)) | C22: =IF(INDEX(Klassenliste!$C$6:$C$40,16)=0,"",INDEX(Klassenliste!$C$6:$C$40,16)) | D22: =IF(((--ISNUMBER(F22))*$F$4+(--ISNUMBER(I22))*$I$4)=0,"",(IFERROR(F22*$F$4,0)+IFERROR(I22*$I$4,0))/((--ISNUMBER(F22))*$F$4+(--ISNUMBER(I22))*$I$4)) | E22: =IF(((--ISNUMBER(P22))*$P$4+(--ISNUMBER(S22))*$S$4)=0,"",(IFERROR(P22*$P$4,0)+IFERROR(S22*$S$4,0))/((--ISNUMBER(P22))*$P$4+(--ISNUMBER(S22))*$S$4)) | F22: =IF(SUMPRODUCT(--ISNUMBER(G22:H22),$G$4:$H$4)=0,"",SUMPRODUCT(G22:H22,$G$4:$H$4)/SUMPRODUCT(--ISNUMBER(G22:H22),$G$4:$H$4)) | G22: =IF(G$5="","",CHOOSE(G$5,KA1!$R23,KA2!$R23,KA3!$R23,KA4!$R23,KA5!$R23,KA6!$R23)) | H22: =IF(H$5="","",CHOOSE(H$5,KA1!$R23,KA2!$R23,KA3!$R23,KA4!$R23,KA5!$R23,KA6!$R23)) | I22: =IF(SUMPRODUCT(--ISNUMBER(J22:O22),$J$4:$O$4)=0,"",SUMPRODUCT(J22:O22,$J$4:$O$4)/SUMPRODUCT(--ISNUMBER(J22:O22),$J$4:$O$4)) | P22: =IF(SUMPRODUCT(--ISNUMBER(Q22:R22),$Q$4:$R$4)=0,"",SUMPRODUCT(Q22:R22,$Q$4:$R$4)/SUMPRODUCT(--ISNUMBER(Q22:R22),$Q$4:$R$4)) | Q22: =IF(Q$5="","",CHOOSE(Q$5,KA1!$R23,KA2!$R23,KA3!$R23,KA4!$R23,KA5!$R23,KA6!$R23)) | R22: =IF(R$5="","",CHOOSE(R$5,KA1!$R23,KA2!$R23,KA3!$R23,KA4!$R23,KA5!$R23,KA6!$R23)) | S22: =IF(SUMPRODUCT(--ISNUMBER(T22:Y22),$T$4:$Y$4)=0,"",SUMPRODUCT(T22:Y22,$T$4:$Y$4)/SUMPRODUCT(--ISNUMBER(T22:Y22),$T$4:$Y$4)) | Z22: =IF(((--ISNUMBER(D22))*$D$4+(--ISNUMBER(E22))*$E$4)=0,"",(IFERROR(D22*$D$4,0)+IFERROR(E22*$E$4,0))/((--ISNUMBER(D22))*$D$4+(--ISNUMBER(E22))*$E$4)) | AA22: =IF(Z22="","",ROUND(Z22,0)) | AB22: =IF(AA22="","",INDEX(Notentabelle!$B$4:$B$19,AA22+1))
A23: 17 | B23: =IF(INDEX(Klassenliste!$B$6:$B$40,17)=0,"",INDEX(Klassenliste!$B$6:$B$40,17)) | C23: =IF(INDEX(Klassenliste!$C$6:$C$40,17)=0,"",INDEX(Klassenliste!$C$6:$C$40,17)) | D23: =IF(((--ISNUMBER(F23))*$F$4+(--ISNUMBER(I23))*$I$4)=0,"",(IFERROR(F23*$F$4,0)+IFERROR(I23*$I$4,0))/((--ISNUMBER(F23))*$F$4+(--ISNUMBER(I23))*$I$4)) | E23: =IF(((--ISNUMBER(P23))*$P$4+(--ISNUMBER(S23))*$S$4)=0,"",(IFERROR(P23*$P$4,0)+IFERROR(S23*$S$4,0))/((--ISNUMBER(P23))*$P$4+(--ISNUMBER(S23))*$S$4)) | F23: =IF(SUMPRODUCT(--ISNUMBER(G23:H23),$G$4:$H$4)=0,"",SUMPRODUCT(G23:H23,$G$4:$H$4)/SUMPRODUCT(--ISNUMBER(G23:H23),$G$4:$H$4)) | G23: =IF(G$5="","",CHOOSE(G$5,KA1!$R24,KA2!$R24,KA3!$R24,KA4!$R24,KA5!$R24,KA6!$R24)) | H23: =IF(H$5="","",CHOOSE(H$5,KA1!$R24,KA2!$R24,KA3!$R24,KA4!$R24,KA5!$R24,KA6!$R24)) | I23: =IF(SUMPRODUCT(--ISNUMBER(J23:O23),$J$4:$O$4)=0,"",SUMPRODUCT(J23:O23,$J$4:$O$4)/SUMPRODUCT(--ISNUMBER(J23:O23),$J$4:$O$4)) | P23: =IF(SUMPRODUCT(--ISNUMBER(Q23:R23),$Q$4:$R$4)=0,"",SUMPRODUCT(Q23:R23,$Q$4:$R$4)/SUMPRODUCT(--ISNUMBER(Q23:R23),$Q$4:$R$4)) | Q23: =IF(Q$5="","",CHOOSE(Q$5,KA1!$R24,KA2!$R24,KA3!$R24,KA4!$R24,KA5!$R24,KA6!$R24)) | R23: =IF(R$5="","",CHOOSE(R$5,KA1!$R24,KA2!$R24,KA3!$R24,KA4!$R24,KA5!$R24,KA6!$R24)) | S23: =IF(SUMPRODUCT(--ISNUMBER(T23:Y23),$T$4:$Y$4)=0,"",SUMPRODUCT(T23:Y23,$T$4:$Y$4)/SUMPRODUCT(--ISNUMBER(T23:Y23),$T$4:$Y$4)) | Z23: =IF(((--ISNUMBER(D23))*$D$4+(--ISNUMBER(E23))*$E$4)=0,"",(IFERROR(D23*$D$4,0)+IFERROR(E23*$E$4,0))/((--ISNUMBER(D23))*$D$4+(--ISNUMBER(E23))*$E$4)) | AA23: =IF(Z23="","",ROUND(Z23,0)) | AB23: =IF(AA23="","",INDEX(Notentabelle!$B$4:$B$19,AA23+1))
A24: 18 | B24: =IF(INDEX(Klassenliste!$B$6:$B$40,18)=0,"",INDEX(Klassenliste!$B$6:$B$40,18)) | C24: =IF(INDEX(Klassenliste!$C$6:$C$40,18)=0,"",INDEX(Klassenliste!$C$6:$C$40,18)) | D24: =IF(((--ISNUMBER(F24))*$F$4+(--ISNUMBER(I24))*$I$4)=0,"",(IFERROR(F24*$F$4,0)+IFERROR(I24*$I$4,0))/((--ISNUMBER(F24))*$F$4+(--ISNUMBER(I24))*$I$4)) | E24: =IF(((--ISNUMBER(P24))*$P$4+(--ISNUMBER(S24))*$S$4)=0,"",(IFERROR(P24*$P$4,0)+IFERROR(S24*$S$4,0))/((--ISNUMBER(P24))*$P$4+(--ISNUMBER(S24))*$S$4)) | F24: =IF(SUMPRODUCT(--ISNUMBER(G24:H24),$G$4:$H$4)=0,"",SUMPRODUCT(G24:H24,$G$4:$H$4)/SUMPRODUCT(--ISNUMBER(G24:H24),$G$4:$H$4)) | G24: =IF(G$5="","",CHOOSE(G$5,KA1!$R25,KA2!$R25,KA3!$R25,KA4!$R25,KA5!$R25,KA6!$R25)) | H24: =IF(H$5="","",CHOOSE(H$5,KA1!$R25,KA2!$R25,KA3!$R25,KA4!$R25,KA5!$R25,KA6!$R25)) | I24: =IF(SUMPRODUCT(--ISNUMBER(J24:O24),$J$4:$O$4)=0,"",SUMPRODUCT(J24:O24,$J$4:$O$4)/SUMPRODUCT(--ISNUMBER(J24:O24),$J$4:$O$4)) | P24: =IF(SUMPRODUCT(--ISNUMBER(Q24:R24),$Q$4:$R$4)=0,"",SUMPRODUCT(Q24:R24,$Q$4:$R$4)/SUMPRODUCT(--ISNUMBER(Q24:R24),$Q$4:$R$4)) | Q24: =IF(Q$5="","",CHOOSE(Q$5,KA1!$R25,KA2!$R25,KA3!$R25,KA4!$R25,KA5!$R25,KA6!$R25)) | R24: =IF(R$5="","",CHOOSE(R$5,KA1!$R25,KA2!$R25,KA3!$R25,KA4!$R25,KA5!$R25,KA6!$R25)) | S24: =IF(SUMPRODUCT(--ISNUMBER(T24:Y24),$T$4:$Y$4)=0,"",SUMPRODUCT(T24:Y24,$T$4:$Y$4)/SUMPRODUCT(--ISNUMBER(T24:Y24),$T$4:$Y$4)) | Z24: =IF(((--ISNUMBER(D24))*$D$4+(--ISNUMBER(E24))*$E$4)=0,"",(IFERROR(D24*$D$4,0)+IFERROR(E24*$E$4,0))/((--ISNUMBER(D24))*$D$4+(--ISNUMBER(E24))*$E$4)) | AA24: =IF(Z24="","",ROUND(Z24,0)) | AB24: =IF(AA24="","",INDEX(Notentabelle!$B$4:$B$19,AA24+1))
A25: 19 | B25: =IF(INDEX(Klassenliste!$B$6:$B$40,19)=0,"",INDEX(Klassenliste!$B$6:$B$40,19)) | C25: =IF(INDEX(Klassenliste!$C$6:$C$40,19)=0,"",INDEX(Klassenliste!$C$6:$C$40,19)) | D25: =IF(((--ISNUMBER(F25))*$F$4+(--ISNUMBER(I25))*$I$4)=0,"",(IFERROR(F25*$F$4,0)+IFERROR(I25*$I$4,0))/((--ISNUMBER(F25))*$F$4+(--ISNUMBER(I25))*$I$4)) | E25: =IF(((--ISNUMBER(P25))*$P$4+(--ISNUMBER(S25))*$S$4)=0,"",(IFERROR(P25*$P$4,0)+IFERROR(S25*$S$4,0))/((--ISNUMBER(P25))*$P$4+(--ISNUMBER(S25))*$S$4)) | F25: =IF(SUMPRODUCT(--ISNUMBER(G25:H25),$G$4:$H$4)=0,"",SUMPRODUCT(G25:H25,$G$4:$H$4)/SUMPRODUCT(--ISNUMBER(G25:H25),$G$4:$H$4)) | G25: =IF(G$5="","",CHOOSE(G$5,KA1!$R26,KA2!$R26,KA3!$R26,KA4!$R26,KA5!$R26,KA6!$R26)) | H25: =IF(H$5="","",CHOOSE(H$5,KA1!$R26,KA2!$R26,KA3!$R26,KA4!$R26,KA5!$R26,KA6!$R26)) | I25: =IF(SUMPRODUCT(--ISNUMBER(J25:O25),$J$4:$O$4)=0,"",SUMPRODUCT(J25:O25,$J$4:$O$4)/SUMPRODUCT(--ISNUMBER(J25:O25),$J$4:$O$4)) | P25: =IF(SUMPRODUCT(--ISNUMBER(Q25:R25),$Q$4:$R$4)=0,"",SUMPRODUCT(Q25:R25,$Q$4:$R$4)/SUMPRODUCT(--ISNUMBER(Q25:R25),$Q$4:$R$4)) | Q25: =IF(Q$5="","",CHOOSE(Q$5,KA1!$R26,KA2!$R26,KA3!$R26,KA4!$R26,KA5!$R26,KA6!$R26)) | R25: =IF(R$5="","",CHOOSE(R$5,KA1!$R26,KA2!$R26,KA3!$R26,KA4!$R26,KA5!$R26,KA6!$R26)) | S25: =IF(SUMPRODUCT(--ISNUMBER(T25:Y25),$T$4:$Y$4)=0,"",SUMPRODUCT(T25:Y25,$T$4:$Y$4)/SUMPRODUCT(--ISNUMBER(T25:Y25),$T$4:$Y$4)) | Z25: =IF(((--ISNUMBER(D25))*$D$4+(--ISNUMBER(E25))*$E$4)=0,"",(IFERROR(D25*$D$4,0)+IFERROR(E25*$E$4,0))/((--ISNUMBER(D25))*$D$4+(--ISNUMBER(E25))*$E$4)) | AA25: =IF(Z25="","",ROUND(Z25,0)) | AB25: =IF(AA25="","",INDEX(Notentabelle!$B$4:$B$19,AA25+1))
A26: 20 | B26: =IF(INDEX(Klassenliste!$B$6:$B$40,20)=0,"",INDEX(Klassenliste!$B$6:$B$40,20)) | C26: =IF(INDEX(Klassenliste!$C$6:$C$40,20)=0,"",INDEX(Klassenliste!$C$6:$C$40,20)) | D26: =IF(((--ISNUMBER(F26))*$F$4+(--ISNUMBER(I26))*$I$4)=0,"",(IFERROR(F26*$F$4,0)+IFERROR(I26*$I$4,0))/((--ISNUMBER(F26))*$F$4+(--ISNUMBER(I26))*$I$4)) | E26: =IF(((--ISNUMBER(P26))*$P$4+(--ISNUMBER(S26))*$S$4)=0,"",(IFERROR(P26*$P$4,0)+IFERROR(S26*$S$4,0))/((--ISNUMBER(P26))*$P$4+(--ISNUMBER(S26))*$S$4)) | F26: =IF(SUMPRODUCT(--ISNUMBER(G26:H26),$G$4:$H$4)=0,"",SUMPRODUCT(G26:H26,$G$4:$H$4)/SUMPRODUCT(--ISNUMBER(G26:H26),$G$4:$H$4)) | G26: =IF(G$5="","",CHOOSE(G$5,KA1!$R27,KA2!$R27,KA3!$R27,KA4!$R27,KA5!$R27,KA6!$R27)) | H26: =IF(H$5="","",CHOOSE(H$5,KA1!$R27,KA2!$R27,KA3!$R27,KA4!$R27,KA5!$R27,KA6!$R27)) | I26: =IF(SUMPRODUCT(--ISNUMBER(J26:O26),$J$4:$O$4)=0,"",SUMPRODUCT(J26:O26,$J$4:$O$4)/SUMPRODUCT(--ISNUMBER(J26:O26),$J$4:$O$4)) | P26: =IF(SUMPRODUCT(--ISNUMBER(Q26:R26),$Q$4:$R$4)=0,"",SUMPRODUCT(Q26:R26,$Q$4:$R$4)/SUMPRODUCT(--ISNUMBER(Q26:R26),$Q$4:$R$4)) | Q26: =IF(Q$5="","",CHOOSE(Q$5,KA1!$R27,KA2!$R27,KA3!$R27,KA4!$R27,KA5!$R27,KA6!$R27)) | R26: =IF(R$5="","",CHOOSE(R$5,KA1!$R27,KA2!$R27,KA3!$R27,KA4!$R27,KA5!$R27,KA6!$R27)) | S26: =IF(SUMPRODUCT(--ISNUMBER(T26:Y26),$T$4:$Y$4)=0,"",SUMPRODUCT(T26:Y26,$T$4:$Y$4)/SUMPRODUCT(--ISNUMBER(T26:Y26),$T$4:$Y$4)) | Z26: =IF(((--ISNUMBER(D26))*$D$4+(--ISNUMBER(E26))*$E$4)=0,"",(IFERROR(D26*$D$4,0)+IFERROR(E26*$E$4,0))/((--ISNUMBER(D26))*$D$4+(--ISNUMBER(E26))*$E$4)) | AA26: =IF(Z26="","",ROUND(Z26,0)) | AB26: =IF(AA26="","",INDEX(Notentabelle!$B$4:$B$19,AA26+1))
A27: 21 | B27: =IF(INDEX(Klassenliste!$B$6:$B$40,21)=0,"",INDEX(Klassenliste!$B$6:$B$40,21)) | C27: =IF(INDEX(Klassenliste!$C$6:$C$40,21)=0,"",INDEX(Klassenliste!$C$6:$C$40,21)) | D27: =IF(((--ISNUMBER(F27))*$F$4+(--ISNUMBER(I27))*$I$4)=0,"",(IFERROR(F27*$F$4,0)+IFERROR(I27*$I$4,0))/((--ISNUMBER(F27))*$F$4+(--ISNUMBER(I27))*$I$4)) | E27: =IF(((--ISNUMBER(P27))*$P$4+(--ISNUMBER(S27))*$S$4)=0,"",(IFERROR(P27*$P$4,0)+IFERROR(S27*$S$4,0))/((--ISNUMBER(P27))*$P$4+(--ISNUMBER(S27))*$S$4)) | F27: =IF(SUMPRODUCT(--ISNUMBER(G27:H27),$G$4:$H$4)=0,"",SUMPRODUCT(G27:H27,$G$4:$H$4)/SUMPRODUCT(--ISNUMBER(G27:H27),$G$4:$H$4)) | G27: =IF(G$5="","",CHOOSE(G$5,KA1!$R28,KA2!$R28,KA3!$R28,KA4!$R28,KA5!$R28,KA6!$R28)) | H27: =IF(H$5="","",CHOOSE(H$5,KA1!$R28,KA2!$R28,KA3!$R28,KA4!$R28,KA5!$R28,KA6!$R28)) | I27: =IF(SUMPRODUCT(--ISNUMBER(J27:O27),$J$4:$O$4)=0,"",SUMPRODUCT(J27:O27,$J$4:$O$4)/SUMPRODUCT(--ISNUMBER(J27:O27),$J$4:$O$4)) | P27: =IF(SUMPRODUCT(--ISNUMBER(Q27:R27),$Q$4:$R$4)=0,"",SUMPRODUCT(Q27:R27,$Q$4:$R$4)/SUMPRODUCT(--ISNUMBER(Q27:R27),$Q$4:$R$4)) | Q27: =IF(Q$5="","",CHOOSE(Q$5,KA1!$R28,KA2!$R28,KA3!$R28,KA4!$R28,KA5!$R28,KA6!$R28)) | R27: =IF(R$5="","",CHOOSE(R$5,KA1!$R28,KA2!$R28,KA3!$R28,KA4!$R28,KA5!$R28,KA6!$R28)) | S27: =IF(SUMPRODUCT(--ISNUMBER(T27:Y27),$T$4:$Y$4)=0,"",SUMPRODUCT(T27:Y27,$T$4:$Y$4)/SUMPRODUCT(--ISNUMBER(T27:Y27),$T$4:$Y$4)) | Z27: =IF(((--ISNUMBER(D27))*$D$4+(--ISNUMBER(E27))*$E$4)=0,"",(IFERROR(D27*$D$4,0)+IFERROR(E27*$E$4,0))/((--ISNUMBER(D27))*$D$4+(--ISNUMBER(E27))*$E$4)) | AA27: =IF(Z27="","",ROUND(Z27,0)) | AB27: =IF(AA27="","",INDEX(Notentabelle!$B$4:$B$19,AA27+1))
A28: 22 | B28: =IF(INDEX(Klassenliste!$B$6:$B$40,22)=0,"",INDEX(Klassenliste!$B$6:$B$40,22)) | C28: =IF(INDEX(Klassenliste!$C$6:$C$40,22)=0,"",INDEX(Klassenliste!$C$6:$C$40,22)) | D28: =IF(((--ISNUMBER(F28))*$F$4+(--ISNUMBER(I28))*$I$4)=0,"",(IFERROR(F28*$F$4,0)+IFERROR(I28*$I$4,0))/((--ISNUMBER(F28))*$F$4+(--ISNUMBER(I28))*$I$4)) | E28: =IF(((--ISNUMBER(P28))*$P$4+(--ISNUMBER(S28))*$S$4)=0,"",(IFERROR(P28*$P$4,0)+IFERROR(S28*$S$4,0))/((--ISNUMBER(P28))*$P$4+(--ISNUMBER(S28))*$S$4)) | F28: =IF(SUMPRODUCT(--ISNUMBER(G28:H28),$G$4:$H$4)=0,"",SUMPRODUCT(G28:H28,$G$4:$H$4)/SUMPRODUCT(--ISNUMBER(G28:H28),$G$4:$H$4)) | G28: =IF(G$5="","",CHOOSE(G$5,KA1!$R29,KA2!$R29,KA3!$R29,KA4!$R29,KA5!$R29,KA6!$R29)) | H28: =IF(H$5="","",CHOOSE(H$5,KA1!$R29,KA2!$R29,KA3!$R29,KA4!$R29,KA5!$R29,KA6!$R29)) | I28: =IF(SUMPRODUCT(--ISNUMBER(J28:O28),$J$4:$O$4)=0,"",SUMPRODUCT(J28:O28,$J$4:$O$4)/SUMPRODUCT(--ISNUMBER(J28:O28),$J$4:$O$4)) | P28: =IF(SUMPRODUCT(--ISNUMBER(Q28:R28),$Q$4:$R$4)=0,"",SUMPRODUCT(Q28:R28,$Q$4:$R$4)/SUMPRODUCT(--ISNUMBER(Q28:R28),$Q$4:$R$4)) | Q28: =IF(Q$5="","",CHOOSE(Q$5,KA1!$R29,KA2!$R29,KA3!$R29,KA4!$R29,KA5!$R29,KA6!$R29)) | R28: =IF(R$5="","",CHOOSE(R$5,KA1!$R29,KA2!$R29,KA3!$R29,KA4!$R29,KA5!$R29,KA6!$R29)) | S28: =IF(SUMPRODUCT(--ISNUMBER(T28:Y28),$T$4:$Y$4)=0,"",SUMPRODUCT(T28:Y28,$T$4:$Y$4)/SUMPRODUCT(--ISNUMBER(T28:Y28),$T$4:$Y$4)) | Z28: =IF(((--ISNUMBER(D28))*$D$4+(--ISNUMBER(E28))*$E$4)=0,"",(IFERROR(D28*$D$4,0)+IFERROR(E28*$E$4,0))/((--ISNUMBER(D28))*$D$4+(--ISNUMBER(E28))*$E$4)) | AA28: =IF(Z28="","",ROUND(Z28,0)) | AB28: =IF(AA28="","",INDEX(Notentabelle!$B$4:$B$19,AA28+1))
A29: 23 | B29: =IF(INDEX(Klassenliste!$B$6:$B$40,23)=0,"",INDEX(Klassenliste!$B$6:$B$40,23)) | C29: =IF(INDEX(Klassenliste!$C$6:$C$40,23)=0,"",INDEX(Klassenliste!$C$6:$C$40,23)) | D29: =IF(((--ISNUMBER(F29))*$F$4+(--ISNUMBER(I29))*$I$4)=0,"",(IFERROR(F29*$F$4,0)+IFERROR(I29*$I$4,0))/((--ISNUMBER(F29))*$F$4+(--ISNUMBER(I29))*$I$4)) | E29: =IF(((--ISNUMBER(P29))*$P$4+(--ISNUMBER(S29))*$S$4)=0,"",(IFERROR(P29*$P$4,0)+IFERROR(S29*$S$4,0))/((--ISNUMBER(P29))*$P$4+(--ISNUMBER(S29))*$S$4)) | F29: =IF(SUMPRODUCT(--ISNUMBER(G29:H29),$G$4:$H$4)=0,"",SUMPRODUCT(G29:H29,$G$4:$H$4)/SUMPRODUCT(--ISNUMBER(G29:H29),$G$4:$H$4)) | G29: =IF(G$5="","",CHOOSE(G$5,KA1!$R30,KA2!$R30,KA3!$R30,KA4!$R30,KA5!$R30,KA6!$R30)) | H29: =IF(H$5="","",CHOOSE(H$5,KA1!$R30,KA2!$R30,KA3!$R30,KA4!$R30,KA5!$R30,KA6!$R30)) | I29: =IF(SUMPRODUCT(--ISNUMBER(J29:O29),$J$4:$O$4)=0,"",SUMPRODUCT(J29:O29,$J$4:$O$4)/SUMPRODUCT(--ISNUMBER(J29:O29),$J$4:$O$4)) | P29: =IF(SUMPRODUCT(--ISNUMBER(Q29:R29),$Q$4:$R$4)=0,"",SUMPRODUCT(Q29:R29,$Q$4:$R$4)/SUMPRODUCT(--ISNUMBER(Q29:R29),$Q$4:$R$4)) | Q29: =IF(Q$5="","",CHOOSE(Q$5,KA1!$R30,KA2!$R30,KA3!$R30,KA4!$R30,KA5!$R30,KA6!$R30)) | R29: =IF(R$5="","",CHOOSE(R$5,KA1!$R30,KA2!$R30,KA3!$R30,KA4!$R30,KA5!$R30,KA6!$R30)) | S29: =IF(SUMPRODUCT(--ISNUMBER(T29:Y29),$T$4:$Y$4)=0,"",SUMPRODUCT(T29:Y29,$T$4:$Y$4)/SUMPRODUCT(--ISNUMBER(T29:Y29),$T$4:$Y$4)) | Z29: =IF(((--ISNUMBER(D29))*$D$4+(--ISNUMBER(E29))*$E$4)=0,"",(IFERROR(D29*$D$4,0)+IFERROR(E29*$E$4,0))/((--ISNUMBER(D29))*$D$4+(--ISNUMBER(E29))*$E$4)) | AA29: =IF(Z29="","",ROUND(Z29,0)) | AB29: =IF(AA29="","",INDEX(Notentabelle!$B$4:$B$19,AA29+1))
A30: 24 | B30: =IF(INDEX(Klassenliste!$B$6:$B$40,24)=0,"",INDEX(Klassenliste!$B$6:$B$40,24)) | C30: =IF(INDEX(Klassenliste!$C$6:$C$40,24)=0,"",INDEX(Klassenliste!$C$6:$C$40,24)) | D30: =IF(((--ISNUMBER(F30))*$F$4+(--ISNUMBER(I30))*$I$4)=0,"",(IFERROR(F30*$F$4,0)+IFERROR(I30*$I$4,0))/((--ISNUMBER(F30))*$F$4+(--ISNUMBER(I30))*$I$4)) | E30: =IF(((--ISNUMBER(P30))*$P$4+(--ISNUMBER(S30))*$S$4)=0,"",(IFERROR(P30*$P$4,0)+IFERROR(S30*$S$4,0))/((--ISNUMBER(P30))*$P$4+(--ISNUMBER(S30))*$S$4)) | F30: =IF(SUMPRODUCT(--ISNUMBER(G30:H30),$G$4:$H$4)=0,"",SUMPRODUCT(G30:H30,$G$4:$H$4)/SUMPRODUCT(--ISNUMBER(G30:H30),$G$4:$H$4)) | G30: =IF(G$5="","",CHOOSE(G$5,KA1!$R31,KA2!$R31,KA3!$R31,KA4!$R31,KA5!$R31,KA6!$R31)) | H30: =IF(H$5="","",CHOOSE(H$5,KA1!$R31,KA2!$R31,KA3!$R31,KA4!$R31,KA5!$R31,KA6!$R31)) | I30: =IF(SUMPRODUCT(--ISNUMBER(J30:O30),$J$4:$O$4)=0,"",SUMPRODUCT(J30:O30,$J$4:$O$4)/SUMPRODUCT(--ISNUMBER(J30:O30),$J$4:$O$4)) | P30: =IF(SUMPRODUCT(--ISNUMBER(Q30:R30),$Q$4:$R$4)=0,"",SUMPRODUCT(Q30:R30,$Q$4:$R$4)/SUMPRODUCT(--ISNUMBER(Q30:R30),$Q$4:$R$4)) | Q30: =IF(Q$5="","",CHOOSE(Q$5,KA1!$R31,KA2!$R31,KA3!$R31,KA4!$R31,KA5!$R31,KA6!$R31)) | R30: =IF(R$5="","",CHOOSE(R$5,KA1!$R31,KA2!$R31,KA3!$R31,KA4!$R31,KA5!$R31,KA6!$R31)) | S30: =IF(SUMPRODUCT(--ISNUMBER(T30:Y30),$T$4:$Y$4)=0,"",SUMPRODUCT(T30:Y30,$T$4:$Y$4)/SUMPRODUCT(--ISNUMBER(T30:Y30),$T$4:$Y$4)) | Z30: =IF(((--ISNUMBER(D30))*$D$4+(--ISNUMBER(E30))*$E$4)=0,"",(IFERROR(D30*$D$4,0)+IFERROR(E30*$E$4,0))/((--ISNUMBER(D30))*$D$4+(--ISNUMBER(E30))*$E$4)) | AA30: =IF(Z30="","",ROUND(Z30,0)) | AB30: =IF(AA30="","",INDEX(Notentabelle!$B$4:$B$19,AA30+1))
A31: 25 | B31: =IF(INDEX(Klassenliste!$B$6:$B$40,25)=0,"",INDEX(Klassenliste!$B$6:$B$40,25)) | C31: =IF(INDEX(Klassenliste!$C$6:$C$40,25)=0,"",INDEX(Klassenliste!$C$6:$C$40,25)) | D31: =IF(((--ISNUMBER(F31))*$F$4+(--ISNUMBER(I31))*$I$4)=0,"",(IFERROR(F31*$F$4,0)+IFERROR(I31*$I$4,0))/((--ISNUMBER(F31))*$F$4+(--ISNUMBER(I31))*$I$4)) | E31: =IF(((--ISNUMBER(P31))*$P$4+(--ISNUMBER(S31))*$S$4)=0,"",(IFERROR(P31*$P$4,0)+IFERROR(S31*$S$4,0))/((--ISNUMBER(P31))*$P$4+(--ISNUMBER(S31))*$S$4)) | F31: =IF(SUMPRODUCT(--ISNUMBER(G31:H31),$G$4:$H$4)=0,"",SUMPRODUCT(G31:H31,$G$4:$H$4)/SUMPRODUCT(--ISNUMBER(G31:H31),$G$4:$H$4)) | G31: =IF(G$5="","",CHOOSE(G$5,KA1!$R32,KA2!$R32,KA3!$R32,KA4!$R32,KA5!$R32,KA6!$R32)) | H31: =IF(H$5="","",CHOOSE(H$5,KA1!$R32,KA2!$R32,KA3!$R32,KA4!$R32,KA5!$R32,KA6!$R32)) | I31: =IF(SUMPRODUCT(--ISNUMBER(J31:O31),$J$4:$O$4)=0,"",SUMPRODUCT(J31:O31,$J$4:$O$4)/SUMPRODUCT(--ISNUMBER(J31:O31),$J$4:$O$4)) | P31: =IF(SUMPRODUCT(--ISNUMBER(Q31:R31),$Q$4:$R$4)=0,"",SUMPRODUCT(Q31:R31,$Q$4:$R$4)/SUMPRODUCT(--ISNUMBER(Q31:R31),$Q$4:$R$4)) | Q31: =IF(Q$5="","",CHOOSE(Q$5,KA1!$R32,KA2!$R32,KA3!$R32,KA4!$R32,KA5!$R32,KA6!$R32)) | R31: =IF(R$5="","",CHOOSE(R$5,KA1!$R32,KA2!$R32,KA3!$R32,KA4!$R32,KA5!$R32,KA6!$R32)) | S31: =IF(SUMPRODUCT(--ISNUMBER(T31:Y31),$T$4:$Y$4)=0,"",SUMPRODUCT(T31:Y31,$T$4:$Y$4)/SUMPRODUCT(--ISNUMBER(T31:Y31),$T$4:$Y$4)) | Z31: =IF(((--ISNUMBER(D31))*$D$4+(--ISNUMBER(E31))*$E$4)=0,"",(IFERROR(D31*$D$4,0)+IFERROR(E31*$E$4,0))/((--ISNUMBER(D31))*$D$4+(--ISNUMBER(E31))*$E$4)) | AA31: =IF(Z31="","",ROUND(Z31,0)) | AB31: =IF(AA31="","",INDEX(Notentabelle!$B$4:$B$19,AA31+1))
A32: 26 | B32: =IF(INDEX(Klassenliste!$B$6:$B$40,26)=0,"",INDEX(Klassenliste!$B$6:$B$40,26)) | C32: =IF(INDEX(Klassenliste!$C$6:$C$40,26)=0,"",INDEX(Klassenliste!$C$6:$C$40,26)) | D32: =IF(((--ISNUMBER(F32))*$F$4+(--ISNUMBER(I32))*$I$4)=0,"",(IFERROR(F32*$F$4,0)+IFERROR(I32*$I$4,0))/((--ISNUMBER(F32))*$F$4+(--ISNUMBER(I32))*$I$4)) | E32: =IF(((--ISNUMBER(P32))*$P$4+(--ISNUMBER(S32))*$S$4)=0,"",(IFERROR(P32*$P$4,0)+IFERROR(S32*$S$4,0))/((--ISNUMBER(P32))*$P$4+(--ISNUMBER(S32))*$S$4)) | F32: =IF(SUMPRODUCT(--ISNUMBER(G32:H32),$G$4:$H$4)=0,"",SUMPRODUCT(G32:H32,$G$4:$H$4)/SUMPRODUCT(--ISNUMBER(G32:H32),$G$4:$H$4)) | G32: =IF(G$5="","",CHOOSE(G$5,KA1!$R33,KA2!$R33,KA3!$R33,KA4!$R33,KA5!$R33,KA6!$R33)) | H32: =IF(H$5="","",CHOOSE(H$5,KA1!$R33,KA2!$R33,KA3!$R33,KA4!$R33,KA5!$R33,KA6!$R33)) | I32: =IF(SUMPRODUCT(--ISNUMBER(J32:O32),$J$4:$O$4)=0,"",SUMPRODUCT(J32:O32,$J$4:$O$4)/SUMPRODUCT(--ISNUMBER(J32:O32),$J$4:$O$4)) | P32: =IF(SUMPRODUCT(--ISNUMBER(Q32:R32),$Q$4:$R$4)=0,"",SUMPRODUCT(Q32:R32,$Q$4:$R$4)/SUMPRODUCT(--ISNUMBER(Q32:R32),$Q$4:$R$4)) | Q32: =IF(Q$5="","",CHOOSE(Q$5,KA1!$R33,KA2!$R33,KA3!$R33,KA4!$R33,KA5!$R33,KA6!$R33)) | R32: =IF(R$5="","",CHOOSE(R$5,KA1!$R33,KA2!$R33,KA3!$R33,KA4!$R33,KA5!$R33,KA6!$R33)) | S32: =IF(SUMPRODUCT(--ISNUMBER(T32:Y32),$T$4:$Y$4)=0,"",SUMPRODUCT(T32:Y32,$T$4:$Y$4)/SUMPRODUCT(--ISNUMBER(T32:Y32),$T$4:$Y$4)) | Z32: =IF(((--ISNUMBER(D32))*$D$4+(--ISNUMBER(E32))*$E$4)=0,"",(IFERROR(D32*$D$4,0)+IFERROR(E32*$E$4,0))/((--ISNUMBER(D32))*$D$4+(--ISNUMBER(E32))*$E$4)) | AA32: =IF(Z32="","",ROUND(Z32,0)) | AB32: =IF(AA32="","",INDEX(Notentabelle!$B$4:$B$19,AA32+1))
A33: 27 | B33: =IF(INDEX(Klassenliste!$B$6:$B$40,27)=0,"",INDEX(Klassenliste!$B$6:$B$40,27)) | C33: =IF(INDEX(Klassenliste!$C$6:$C$40,27)=0,"",INDEX(Klassenliste!$C$6:$C$40,27)) | D33: =IF(((--ISNUMBER(F33))*$F$4+(--ISNUMBER(I33))*$I$4)=0,"",(IFERROR(F33*$F$4,0)+IFERROR(I33*$I$4,0))/((--ISNUMBER(F33))*$F$4+(--ISNUMBER(I33))*$I$4)) | E33: =IF(((--ISNUMBER(P33))*$P$4+(--ISNUMBER(S33))*$S$4)=0,"",(IFERROR(P33*$P$4,0)+IFERROR(S33*$S$4,0))/((--ISNUMBER(P33))*$P$4+(--ISNUMBER(S33))*$S$4)) | F33: =IF(SUMPRODUCT(--ISNUMBER(G33:H33),$G$4:$H$4)=0,"",SUMPRODUCT(G33:H33,$G$4:$H$4)/SUMPRODUCT(--ISNUMBER(G33:H33),$G$4:$H$4)) | G33: =IF(G$5="","",CHOOSE(G$5,KA1!$R34,KA2!$R34,KA3!$R34,KA4!$R34,KA5!$R34,KA6!$R34)) | H33: =IF(H$5="","",CHOOSE(H$5,KA1!$R34,KA2!$R34,KA3!$R34,KA4!$R34,KA5!$R34,KA6!$R34)) | I33: =IF(SUMPRODUCT(--ISNUMBER(J33:O33),$J$4:$O$4)=0,"",SUMPRODUCT(J33:O33,$J$4:$O$4)/SUMPRODUCT(--ISNUMBER(J33:O33),$J$4:$O$4)) | P33: =IF(SUMPRODUCT(--ISNUMBER(Q33:R33),$Q$4:$R$4)=0,"",SUMPRODUCT(Q33:R33,$Q$4:$R$4)/SUMPRODUCT(--ISNUMBER(Q33:R33),$Q$4:$R$4)) | Q33: =IF(Q$5="","",CHOOSE(Q$5,KA1!$R34,KA2!$R34,KA3!$R34,KA4!$R34,KA5!$R34,KA6!$R34)) | R33: =IF(R$5="","",CHOOSE(R$5,KA1!$R34,KA2!$R34,KA3!$R34,KA4!$R34,KA5!$R34,KA6!$R34)) | S33: =IF(SUMPRODUCT(--ISNUMBER(T33:Y33),$T$4:$Y$4)=0,"",SUMPRODUCT(T33:Y33,$T$4:$Y$4)/SUMPRODUCT(--ISNUMBER(T33:Y33),$T$4:$Y$4)) | Z33: =IF(((--ISNUMBER(D33))*$D$4+(--ISNUMBER(E33))*$E$4)=0,"",(IFERROR(D33*$D$4,0)+IFERROR(E33*$E$4,0))/((--ISNUMBER(D33))*$D$4+(--ISNUMBER(E33))*$E$4)) | AA33: =IF(Z33="","",ROUND(Z33,0)) | AB33: =IF(AA33="","",INDEX(Notentabelle!$B$4:$B$19,AA33+1))
A34: 28 | B34: =IF(INDEX(Klassenliste!$B$6:$B$40,28)=0,"",INDEX(Klassenliste!$B$6:$B$40,28)) | C34: =IF(INDEX(Klassenliste!$C$6:$C$40,28)=0,"",INDEX(Klassenliste!$C$6:$C$40,28)) | D34: =IF(((--ISNUMBER(F34))*$F$4+(--ISNUMBER(I34))*$I$4)=0,"",(IFERROR(F34*$F$4,0)+IFERROR(I34*$I$4,0))/((--ISNUMBER(F34))*$F$4+(--ISNUMBER(I34))*$I$4)) | E34: =IF(((--ISNUMBER(P34))*$P$4+(--ISNUMBER(S34))*$S$4)=0,"",(IFERROR(P34*$P$4,0)+IFERROR(S34*$S$4,0))/((--ISNUMBER(P34))*$P$4+(--ISNUMBER(S34))*$S$4)) | F34: =IF(SUMPRODUCT(--ISNUMBER(G34:H34),$G$4:$H$4)=0,"",SUMPRODUCT(G34:H34,$G$4:$H$4)/SUMPRODUCT(--ISNUMBER(G34:H34),$G$4:$H$4)) | G34: =IF(G$5="","",CHOOSE(G$5,KA1!$R35,KA2!$R35,KA3!$R35,KA4!$R35,KA5!$R35,KA6!$R35)) | H34: =IF(H$5="","",CHOOSE(H$5,KA1!$R35,KA2!$R35,KA3!$R35,KA4!$R35,KA5!$R35,KA6!$R35)) | I34: =IF(SUMPRODUCT(--ISNUMBER(J34:O34),$J$4:$O$4)=0,"",SUMPRODUCT(J34:O34,$J$4:$O$4)/SUMPRODUCT(--ISNUMBER(J34:O34),$J$4:$O$4)) | P34: =IF(SUMPRODUCT(--ISNUMBER(Q34:R34),$Q$4:$R$4)=0,"",SUMPRODUCT(Q34:R34,$Q$4:$R$4)/SUMPRODUCT(--ISNUMBER(Q34:R34),$Q$4:$R$4)) | Q34: =IF(Q$5="","",CHOOSE(Q$5,KA1!$R35,KA2!$R35,KA3!$R35,KA4!$R35,KA5!$R35,KA6!$R35)) | R34: =IF(R$5="","",CHOOSE(R$5,KA1!$R35,KA2!$R35,KA3!$R35,KA4!$R35,KA5!$R35,KA6!$R35)) | S34: =IF(SUMPRODUCT(--ISNUMBER(T34:Y34),$T$4:$Y$4)=0,"",SUMPRODUCT(T34:Y34,$T$4:$Y$4)/SUMPRODUCT(--ISNUMBER(T34:Y34),$T$4:$Y$4)) | Z34: =IF(((--ISNUMBER(D34))*$D$4+(--ISNUMBER(E34))*$E$4)=0,"",(IFERROR(D34*$D$4,0)+IFERROR(E34*$E$4,0))/((--ISNUMBER(D34))*$D$4+(--ISNUMBER(E34))*$E$4)) | AA34: =IF(Z34="","",ROUND(Z34,0)) | AB34: =IF(AA34="","",INDEX(Notentabelle!$B$4:$B$19,AA34+1))
A35: 29 | B35: =IF(INDEX(Klassenliste!$B$6:$B$40,29)=0,"",INDEX(Klassenliste!$B$6:$B$40,29)) | C35: =IF(INDEX(Klassenliste!$C$6:$C$40,29)=0,"",INDEX(Klassenliste!$C$6:$C$40,29)) | D35: =IF(((--ISNUMBER(F35))*$F$4+(--ISNUMBER(I35))*$I$4)=0,"",(IFERROR(F35*$F$4,0)+IFERROR(I35*$I$4,0))/((--ISNUMBER(F35))*$F$4+(--ISNUMBER(I35))*$I$4)) | E35: =IF(((--ISNUMBER(P35))*$P$4+(--ISNUMBER(S35))*$S$4)=0,"",(IFERROR(P35*$P$4,0)+IFERROR(S35*$S$4,0))/((--ISNUMBER(P35))*$P$4+(--ISNUMBER(S35))*$S$4)) | F35: =IF(SUMPRODUCT(--ISNUMBER(G35:H35),$G$4:$H$4)=0,"",SUMPRODUCT(G35:H35,$G$4:$H$4)/SUMPRODUCT(--ISNUMBER(G35:H35),$G$4:$H$4)) | G35: =IF(G$5="","",CHOOSE(G$5,KA1!$R36,KA2!$R36,KA3!$R36,KA4!$R36,KA5!$R36,KA6!$R36)) | H35: =IF(H$5="","",CHOOSE(H$5,KA1!$R36,KA2!$R36,KA3!$R36,KA4!$R36,KA5!$R36,KA6!$R36)) | I35: =IF(SUMPRODUCT(--ISNUMBER(J35:O35),$J$4:$O$4)=0,"",SUMPRODUCT(J35:O35,$J$4:$O$4)/SUMPRODUCT(--ISNUMBER(J35:O35),$J$4:$O$4)) | P35: =IF(SUMPRODUCT(--ISNUMBER(Q35:R35),$Q$4:$R$4)=0,"",SUMPRODUCT(Q35:R35,$Q$4:$R$4)/SUMPRODUCT(--ISNUMBER(Q35:R35),$Q$4:$R$4)) | Q35: =IF(Q$5="","",CHOOSE(Q$5,KA1!$R36,KA2!$R36,KA3!$R36,KA4!$R36,KA5!$R36,KA6!$R36)) | R35: =IF(R$5="","",CHOOSE(R$5,KA1!$R36,KA2!$R36,KA3!$R36,KA4!$R36,KA5!$R36,KA6!$R36)) | S35: =IF(SUMPRODUCT(--ISNUMBER(T35:Y35),$T$4:$Y$4)=0,"",SUMPRODUCT(T35:Y35,$T$4:$Y$4)/SUMPRODUCT(--ISNUMBER(T35:Y35),$T$4:$Y$4)) | Z35: =IF(((--ISNUMBER(D35))*$D$4+(--ISNUMBER(E35))*$E$4)=0,"",(IFERROR(D35*$D$4,0)+IFERROR(E35*$E$4,0))/((--ISNUMBER(D35))*$D$4+(--ISNUMBER(E35))*$E$4)) | AA35: =IF(Z35="","",ROUND(Z35,0)) | AB35: =IF(AA35="","",INDEX(Notentabelle!$B$4:$B$19,AA35+1))
A36: 30 | B36: =IF(INDEX(Klassenliste!$B$6:$B$40,30)=0,"",INDEX(Klassenliste!$B$6:$B$40,30)) | C36: =IF(INDEX(Klassenliste!$C$6:$C$40,30)=0,"",INDEX(Klassenliste!$C$6:$C$40,30)) | D36: =IF(((--ISNUMBER(F36))*$F$4+(--ISNUMBER(I36))*$I$4)=0,"",(IFERROR(F36*$F$4,0)+IFERROR(I36*$I$4,0))/((--ISNUMBER(F36))*$F$4+(--ISNUMBER(I36))*$I$4)) | E36: =IF(((--ISNUMBER(P36))*$P$4+(--ISNUMBER(S36))*$S$4)=0,"",(IFERROR(P36*$P$4,0)+IFERROR(S36*$S$4,0))/((--ISNUMBER(P36))*$P$4+(--ISNUMBER(S36))*$S$4)) | F36: =IF(SUMPRODUCT(--ISNUMBER(G36:H36),$G$4:$H$4)=0,"",SUMPRODUCT(G36:H36,$G$4:$H$4)/SUMPRODUCT(--ISNUMBER(G36:H36),$G$4:$H$4)) | G36: =IF(G$5="","",CHOOSE(G$5,KA1!$R37,KA2!$R37,KA3!$R37,KA4!$R37,KA5!$R37,KA6!$R37)) | H36: =IF(H$5="","",CHOOSE(H$5,KA1!$R37,KA2!$R37,KA3!$R37,KA4!$R37,KA5!$R37,KA6!$R37)) | I36: =IF(SUMPRODUCT(--ISNUMBER(J36:O36),$J$4:$O$4)=0,"",SUMPRODUCT(J36:O36,$J$4:$O$4)/SUMPRODUCT(--ISNUMBER(J36:O36),$J$4:$O$4)) | P36: =IF(SUMPRODUCT(--ISNUMBER(Q36:R36),$Q$4:$R$4)=0,"",SUMPRODUCT(Q36:R36,$Q$4:$R$4)/SUMPRODUCT(--ISNUMBER(Q36:R36),$Q$4:$R$4)) | Q36: =IF(Q$5="","",CHOOSE(Q$5,KA1!$R37,KA2!$R37,KA3!$R37,KA4!$R37,KA5!$R37,KA6!$R37)) | R36: =IF(R$5="","",CHOOSE(R$5,KA1!$R37,KA2!$R37,KA3!$R37,KA4!$R37,KA5!$R37,KA6!$R37)) | S36: =IF(SUMPRODUCT(--ISNUMBER(T36:Y36),$T$4:$Y$4)=0,"",SUMPRODUCT(T36:Y36,$T$4:$Y$4)/SUMPRODUCT(--ISNUMBER(T36:Y36),$T$4:$Y$4)) | Z36: =IF(((--ISNUMBER(D36))*$D$4+(--ISNUMBER(E36))*$E$4)=0,"",(IFERROR(D36*$D$4,0)+IFERROR(E36*$E$4,0))/((--ISNUMBER(D36))*$D$4+(--ISNUMBER(E36))*$E$4)) | AA36: =IF(Z36="","",ROUND(Z36,0)) | AB36: =IF(AA36="","",INDEX(Notentabelle!$B$4:$B$19,AA36+1))
A37: 31 | B37: =IF(INDEX(Klassenliste!$B$6:$B$40,31)=0,"",INDEX(Klassenliste!$B$6:$B$40,31)) | C37: =IF(INDEX(Klassenliste!$C$6:$C$40,31)=0,"",INDEX(Klassenliste!$C$6:$C$40,31)) | D37: =IF(((--ISNUMBER(F37))*$F$4+(--ISNUMBER(I37))*$I$4)=0,"",(IFERROR(F37*$F$4,0)+IFERROR(I37*$I$4,0))/((--ISNUMBER(F37))*$F$4+(--ISNUMBER(I37))*$I$4)) | E37: =IF(((--ISNUMBER(P37))*$P$4+(--ISNUMBER(S37))*$S$4)=0,"",(IFERROR(P37*$P$4,0)+IFERROR(S37*$S$4,0))/((--ISNUMBER(P37))*$P$4+(--ISNUMBER(S37))*$S$4)) | F37: =IF(SUMPRODUCT(--ISNUMBER(G37:H37),$G$4:$H$4)=0,"",SUMPRODUCT(G37:H37,$G$4:$H$4)/SUMPRODUCT(--ISNUMBER(G37:H37),$G$4:$H$4)) | G37: =IF(G$5="","",CHOOSE(G$5,KA1!$R38,KA2!$R38,KA3!$R38,KA4!$R38,KA5!$R38,KA6!$R38)) | H37: =IF(H$5="","",CHOOSE(H$5,KA1!$R38,KA2!$R38,KA3!$R38,KA4!$R38,KA5!$R38,KA6!$R38)) | I37: =IF(SUMPRODUCT(--ISNUMBER(J37:O37),$J$4:$O$4)=0,"",SUMPRODUCT(J37:O37,$J$4:$O$4)/SUMPRODUCT(--ISNUMBER(J37:O37),$J$4:$O$4)) | P37: =IF(SUMPRODUCT(--ISNUMBER(Q37:R37),$Q$4:$R$4)=0,"",SUMPRODUCT(Q37:R37,$Q$4:$R$4)/SUMPRODUCT(--ISNUMBER(Q37:R37),$Q$4:$R$4)) | Q37: =IF(Q$5="","",CHOOSE(Q$5,KA1!$R38,KA2!$R38,KA3!$R38,KA4!$R38,KA5!$R38,KA6!$R38)) | R37: =IF(R$5="","",CHOOSE(R$5,KA1!$R38,KA2!$R38,KA3!$R38,KA4!$R38,KA5!$R38,KA6!$R38)) | S37: =IF(SUMPRODUCT(--ISNUMBER(T37:Y37),$T$4:$Y$4)=0,"",SUMPRODUCT(T37:Y37,$T$4:$Y$4)/SUMPRODUCT(--ISNUMBER(T37:Y37),$T$4:$Y$4)) | Z37: =IF(((--ISNUMBER(D37))*$D$4+(--ISNUMBER(E37))*$E$4)=0,"",(IFERROR(D37*$D$4,0)+IFERROR(E37*$E$4,0))/((--ISNUMBER(D37))*$D$4+(--ISNUMBER(E37))*$E$4)) | AA37: =IF(Z37="","",ROUND(Z37,0)) | AB37: =IF(AA37="","",INDEX(Notentabelle!$B$4:$B$19,AA37+1))
A38: 32 | B38: =IF(INDEX(Klassenliste!$B$6:$B$40,32)=0,"",INDEX(Klassenliste!$B$6:$B$40,32)) | C38: =IF(INDEX(Klassenliste!$C$6:$C$40,32)=0,"",INDEX(Klassenliste!$C$6:$C$40,32)) | D38: =IF(((--ISNUMBER(F38))*$F$4+(--ISNUMBER(I38))*$I$4)=0,"",(IFERROR(F38*$F$4,0)+IFERROR(I38*$I$4,0))/((--ISNUMBER(F38))*$F$4+(--ISNUMBER(I38))*$I$4)) | E38: =IF(((--ISNUMBER(P38))*$P$4+(--ISNUMBER(S38))*$S$4)=0,"",(IFERROR(P38*$P$4,0)+IFERROR(S38*$S$4,0))/((--ISNUMBER(P38))*$P$4+(--ISNUMBER(S38))*$S$4)) | F38: =IF(SUMPRODUCT(--ISNUMBER(G38:H38),$G$4:$H$4)=0,"",SUMPRODUCT(G38:H38,$G$4:$H$4)/SUMPRODUCT(--ISNUMBER(G38:H38),$G$4:$H$4)) | G38: =IF(G$5="","",CHOOSE(G$5,KA1!$R39,KA2!$R39,KA3!$R39,KA4!$R39,KA5!$R39,KA6!$R39)) | H38: =IF(H$5="","",CHOOSE(H$5,KA1!$R39,KA2!$R39,KA3!$R39,KA4!$R39,KA5!$R39,KA6!$R39)) | I38: =IF(SUMPRODUCT(--ISNUMBER(J38:O38),$J$4:$O$4)=0,"",SUMPRODUCT(J38:O38,$J$4:$O$4)/SUMPRODUCT(--ISNUMBER(J38:O38),$J$4:$O$4)) | P38: =IF(SUMPRODUCT(--ISNUMBER(Q38:R38),$Q$4:$R$4)=0,"",SUMPRODUCT(Q38:R38,$Q$4:$R$4)/SUMPRODUCT(--ISNUMBER(Q38:R38),$Q$4:$R$4)) | Q38: =IF(Q$5="","",CHOOSE(Q$5,KA1!$R39,KA2!$R39,KA3!$R39,KA4!$R39,KA5!$R39,KA6!$R39)) | R38: =IF(R$5="","",CHOOSE(R$5,KA1!$R39,KA2!$R39,KA3!$R39,KA4!$R39,KA5!$R39,KA6!$R39)) | S38: =IF(SUMPRODUCT(--ISNUMBER(T38:Y38),$T$4:$Y$4)=0,"",SUMPRODUCT(T38:Y38,$T$4:$Y$4)/SUMPRODUCT(--ISNUMBER(T38:Y38),$T$4:$Y$4)) | Z38: =IF(((--ISNUMBER(D38))*$D$4+(--ISNUMBER(E38))*$E$4)=0,"",(IFERROR(D38*$D$4,0)+IFERROR(E38*$E$4,0))/((--ISNUMBER(D38))*$D$4+(--ISNUMBER(E38))*$E$4)) | AA38: =IF(Z38="","",ROUND(Z38,0)) | AB38: =IF(AA38="","",INDEX(Notentabelle!$B$4:$B$19,AA38+1))
A39: 33 | B39: =IF(INDEX(Klassenliste!$B$6:$B$40,33)=0,"",INDEX(Klassenliste!$B$6:$B$40,33)) | C39: =IF(INDEX(Klassenliste!$C$6:$C$40,33)=0,"",INDEX(Klassenliste!$C$6:$C$40,33)) | D39: =IF(((--ISNUMBER(F39))*$F$4+(--ISNUMBER(I39))*$I$4)=0,"",(IFERROR(F39*$F$4,0)+IFERROR(I39*$I$4,0))/((--ISNUMBER(F39))*$F$4+(--ISNUMBER(I39))*$I$4)) | E39: =IF(((--ISNUMBER(P39))*$P$4+(--ISNUMBER(S39))*$S$4)=0,"",(IFERROR(P39*$P$4,0)+IFERROR(S39*$S$4,0))/((--ISNUMBER(P39))*$P$4+(--ISNUMBER(S39))*$S$4)) | F39: =IF(SUMPRODUCT(--ISNUMBER(G39:H39),$G$4:$H$4)=0,"",SUMPRODUCT(G39:H39,$G$4:$H$4)/SUMPRODUCT(--ISNUMBER(G39:H39),$G$4:$H$4)) | G39: =IF(G$5="","",CHOOSE(G$5,KA1!$R40,KA2!$R40,KA3!$R40,KA4!$R40,KA5!$R40,KA6!$R40)) | H39: =IF(H$5="","",CHOOSE(H$5,KA1!$R40,KA2!$R40,KA3!$R40,KA4!$R40,KA5!$R40,KA6!$R40)) | I39: =IF(SUMPRODUCT(--ISNUMBER(J39:O39),$J$4:$O$4)=0,"",SUMPRODUCT(J39:O39,$J$4:$O$4)/SUMPRODUCT(--ISNUMBER(J39:O39),$J$4:$O$4)) | P39: =IF(SUMPRODUCT(--ISNUMBER(Q39:R39),$Q$4:$R$4)=0,"",SUMPRODUCT(Q39:R39,$Q$4:$R$4)/SUMPRODUCT(--ISNUMBER(Q39:R39),$Q$4:$R$4)) | Q39: =IF(Q$5="","",CHOOSE(Q$5,KA1!$R40,KA2!$R40,KA3!$R40,KA4!$R40,KA5!$R40,KA6!$R40)) | R39: =IF(R$5="","",CHOOSE(R$5,KA1!$R40,KA2!$R40,KA3!$R40,KA4!$R40,KA5!$R40,KA6!$R40)) | S39: =IF(SUMPRODUCT(--ISNUMBER(T39:Y39),$T$4:$Y$4)=0,"",SUMPRODUCT(T39:Y39,$T$4:$Y$4)/SUMPRODUCT(--ISNUMBER(T39:Y39),$T$4:$Y$4)) | Z39: =IF(((--ISNUMBER(D39))*$D$4+(--ISNUMBER(E39))*$E$4)=0,"",(IFERROR(D39*$D$4,0)+IFERROR(E39*$E$4,0))/((--ISNUMBER(D39))*$D$4+(--ISNUMBER(E39))*$E$4)) | AA39: =IF(Z39="","",ROUND(Z39,0)) | AB39: =IF(AA39="","",INDEX(Notentabelle!$B$4:$B$19,AA39+1))
A40: 34 | B40: =IF(INDEX(Klassenliste!$B$6:$B$40,34)=0,"",INDEX(Klassenliste!$B$6:$B$40,34)) | C40: =IF(INDEX(Klassenliste!$C$6:$C$40,34)=0,"",INDEX(Klassenliste!$C$6:$C$40,34)) | D40: =IF(((--ISNUMBER(F40))*$F$4+(--ISNUMBER(I40))*$I$4)=0,"",(IFERROR(F40*$F$4,0)+IFERROR(I40*$I$4,0))/((--ISNUMBER(F40))*$F$4+(--ISNUMBER(I40))*$I$4)) | E40: =IF(((--ISNUMBER(P40))*$P$4+(--ISNUMBER(S40))*$S$4)=0,"",(IFERROR(P40*$P$4,0)+IFERROR(S40*$S$4,0))/((--ISNUMBER(P40))*$P$4+(--ISNUMBER(S40))*$S$4)) | F40: =IF(SUMPRODUCT(--ISNUMBER(G40:H40),$G$4:$H$4)=0,"",SUMPRODUCT(G40:H40,$G$4:$H$4)/SUMPRODUCT(--ISNUMBER(G40:H40),$G$4:$H$4)) | G40: =IF(G$5="","",CHOOSE(G$5,KA1!$R41,KA2!$R41,KA3!$R41,KA4!$R41,KA5!$R41,KA6!$R41)) | H40: =IF(H$5="","",CHOOSE(H$5,KA1!$R41,KA2!$R41,KA3!$R41,KA4!$R41,KA5!$R41,KA6!$R41)) | I40: =IF(SUMPRODUCT(--ISNUMBER(J40:O40),$J$4:$O$4)=0,"",SUMPRODUCT(J40:O40,$J$4:$O$4)/SUMPRODUCT(--ISNUMBER(J40:O40),$J$4:$O$4)) | P40: =IF(SUMPRODUCT(--ISNUMBER(Q40:R40),$Q$4:$R$4)=0,"",SUMPRODUCT(Q40:R40,$Q$4:$R$4)/SUMPRODUCT(--ISNUMBER(Q40:R40),$Q$4:$R$4)) | Q40: =IF(Q$5="","",CHOOSE(Q$5,KA1!$R41,KA2!$R41,KA3!$R41,KA4!$R41,KA5!$R41,KA6!$R41)) | R40: =IF(R$5="","",CHOOSE(R$5,KA1!$R41,KA2!$R41,KA3!$R41,KA4!$R41,KA5!$R41,KA6!$R41)) | S40: =IF(SUMPRODUCT(--ISNUMBER(T40:Y40),$T$4:$Y$4)=0,"",SUMPRODUCT(T40:Y40,$T$4:$Y$4)/SUMPRODUCT(--ISNUMBER(T40:Y40),$T$4:$Y$4)) | Z40: =IF(((--ISNUMBER(D40))*$D$4+(--ISNUMBER(E40))*$E$4)=0,"",(IFERROR(D40*$D$4,0)+IFERROR(E40*$E$4,0))/((--ISNUMBER(D40))*$D$4+(--ISNUMBER(E40))*$E$4)) | AA40: =IF(Z40="","",ROUND(Z40,0)) | AB40: =IF(AA40="","",INDEX(Notentabelle!$B$4:$B$19,AA40+1))
A41: 35 | B41: =IF(INDEX(Klassenliste!$B$6:$B$40,35)=0,"",INDEX(Klassenliste!$B$6:$B$40,35)) | C41: =IF(INDEX(Klassenliste!$C$6:$C$40,35)=0,"",INDEX(Klassenliste!$C$6:$C$40,35)) | D41: =IF(((--ISNUMBER(F41))*$F$4+(--ISNUMBER(I41))*$I$4)=0,"",(IFERROR(F41*$F$4,0)+IFERROR(I41*$I$4,0))/((--ISNUMBER(F41))*$F$4+(--ISNUMBER(I41))*$I$4)) | E41: =IF(((--ISNUMBER(P41))*$P$4+(--ISNUMBER(S41))*$S$4)=0,"",(IFERROR(P41*$P$4,0)+IFERROR(S41*$S$4,0))/((--ISNUMBER(P41))*$P$4+(--ISNUMBER(S41))*$S$4)) | F41: =IF(SUMPRODUCT(--ISNUMBER(G41:H41),$G$4:$H$4)=0,"",SUMPRODUCT(G41:H41,$G$4:$H$4)/SUMPRODUCT(--ISNUMBER(G41:H41),$G$4:$H$4)) | G41: =IF(G$5="","",CHOOSE(G$5,KA1!$R42,KA2!$R42,KA3!$R42,KA4!$R42,KA5!$R42,KA6!$R42)) | H41: =IF(H$5="","",CHOOSE(H$5,KA1!$R42,KA2!$R42,KA3!$R42,KA4!$R42,KA5!$R42,KA6!$R42)) | I41: =IF(SUMPRODUCT(--ISNUMBER(J41:O41),$J$4:$O$4)=0,"",SUMPRODUCT(J41:O41,$J$4:$O$4)/SUMPRODUCT(--ISNUMBER(J41:O41),$J$4:$O$4)) | P41: =IF(SUMPRODUCT(--ISNUMBER(Q41:R41),$Q$4:$R$4)=0,"",SUMPRODUCT(Q41:R41,$Q$4:$R$4)/SUMPRODUCT(--ISNUMBER(Q41:R41),$Q$4:$R$4)) | Q41: =IF(Q$5="","",CHOOSE(Q$5,KA1!$R42,KA2!$R42,KA3!$R42,KA4!$R42,KA5!$R42,KA6!$R42)) | R41: =IF(R$5="","",CHOOSE(R$5,KA1!$R42,KA2!$R42,KA3!$R42,KA4!$R42,KA5!$R42,KA6!$R42)) | S41: =IF(SUMPRODUCT(--ISNUMBER(T41:Y41),$T$4:$Y$4)=0,"",SUMPRODUCT(T41:Y41,$T$4:$Y$4)/SUMPRODUCT(--ISNUMBER(T41:Y41),$T$4:$Y$4)) | Z41: =IF(((--ISNUMBER(D41))*$D$4+(--ISNUMBER(E41))*$E$4)=0,"",(IFERROR(D41*$D$4,0)+IFERROR(E41*$E$4,0))/((--ISNUMBER(D41))*$D$4+(--ISNUMBER(E41))*$E$4)) | AA41: =IF(Z41="","",ROUND(Z41,0)) | AB41: =IF(AA41="","",INDEX(Notentabelle!$B$4:$B$19,AA41+1))

Sheet Verspätung
A1: Verspätungen · ganzes Schuljahr | AS1: =HYPERLINK("#Start!A1","⌂")
B2: Minuten in die Datumsspalte eintragen · Anz = wie oft · Min = Minuten gesamt
E4: Datum →
A5: Nr | B5: Name | C5: Vorname | D5: Anz | E5: Min
A6: 1 | B6: =IF(INDEX(Klassenliste!$B$6:$B$40,1)=0,"",INDEX(Klassenliste!$B$6:$B$40,1)) | C6: =IF(INDEX(Klassenliste!$C$6:$C$40,1)=0,"",INDEX(Klassenliste!$C$6:$C$40,1)) | D6: =IF($B6="","",COUNT(F6:AS6)) | E6: =IF($B6="","",SUM(F6:AS6))
A7: 2 | B7: =IF(INDEX(Klassenliste!$B$6:$B$40,2)=0,"",INDEX(Klassenliste!$B$6:$B$40,2)) | C7: =IF(INDEX(Klassenliste!$C$6:$C$40,2)=0,"",INDEX(Klassenliste!$C$6:$C$40,2)) | D7: =IF($B7="","",COUNT(F7:AS7)) | E7: =IF($B7="","",SUM(F7:AS7))
A8: 3 | B8: =IF(INDEX(Klassenliste!$B$6:$B$40,3)=0,"",INDEX(Klassenliste!$B$6:$B$40,3)) | C8: =IF(INDEX(Klassenliste!$C$6:$C$40,3)=0,"",INDEX(Klassenliste!$C$6:$C$40,3)) | D8: =IF($B8="","",COUNT(F8:AS8)) | E8: =IF($B8="","",SUM(F8:AS8))
A9: 4 | B9: =IF(INDEX(Klassenliste!$B$6:$B$40,4)=0,"",INDEX(Klassenliste!$B$6:$B$40,4)) | C9: =IF(INDEX(Klassenliste!$C$6:$C$40,4)=0,"",INDEX(Klassenliste!$C$6:$C$40,4)) | D9: =IF($B9="","",COUNT(F9:AS9)) | E9: =IF($B9="","",SUM(F9:AS9))
A10: 5 | B10: =IF(INDEX(Klassenliste!$B$6:$B$40,5)=0,"",INDEX(Klassenliste!$B$6:$B$40,5)) | C10: =IF(INDEX(Klassenliste!$C$6:$C$40,5)=0,"",INDEX(Klassenliste!$C$6:$C$40,5)) | D10: =IF($B10="","",COUNT(F10:AS10)) | E10: =IF($B10="","",SUM(F10:AS10))
A11: 6 | B11: =IF(INDEX(Klassenliste!$B$6:$B$40,6)=0,"",INDEX(Klassenliste!$B$6:$B$40,6)) | C11: =IF(INDEX(Klassenliste!$C$6:$C$40,6)=0,"",INDEX(Klassenliste!$C$6:$C$40,6)) | D11: =IF($B11="","",COUNT(F11:AS11)) | E11: =IF($B11="","",SUM(F11:AS11))
A12: 7 | B12: =IF(INDEX(Klassenliste!$B$6:$B$40,7)=0,"",INDEX(Klassenliste!$B$6:$B$40,7)) | C12: =IF(INDEX(Klassenliste!$C$6:$C$40,7)=0,"",INDEX(Klassenliste!$C$6:$C$40,7)) | D12: =IF($B12="","",COUNT(F12:AS12)) | E12: =IF($B12="","",SUM(F12:AS12))
A13: 8 | B13: =IF(INDEX(Klassenliste!$B$6:$B$40,8)=0,"",INDEX(Klassenliste!$B$6:$B$40,8)) | C13: =IF(INDEX(Klassenliste!$C$6:$C$40,8)=0,"",INDEX(Klassenliste!$C$6:$C$40,8)) | D13: =IF($B13="","",COUNT(F13:AS13)) | E13: =IF($B13="","",SUM(F13:AS13))
A14: 9 | B14: =IF(INDEX(Klassenliste!$B$6:$B$40,9)=0,"",INDEX(Klassenliste!$B$6:$B$40,9)) | C14: =IF(INDEX(Klassenliste!$C$6:$C$40,9)=0,"",INDEX(Klassenliste!$C$6:$C$40,9)) | D14: =IF($B14="","",COUNT(F14:AS14)) | E14: =IF($B14="","",SUM(F14:AS14))
A15: 10 | B15: =IF(INDEX(Klassenliste!$B$6:$B$40,10)=0,"",INDEX(Klassenliste!$B$6:$B$40,10)) | C15: =IF(INDEX(Klassenliste!$C$6:$C$40,10)=0,"",INDEX(Klassenliste!$C$6:$C$40,10)) | D15: =IF($B15="","",COUNT(F15:AS15)) | E15: =IF($B15="","",SUM(F15:AS15))
A16: 11 | B16: =IF(INDEX(Klassenliste!$B$6:$B$40,11)=0,"",INDEX(Klassenliste!$B$6:$B$40,11)) | C16: =IF(INDEX(Klassenliste!$C$6:$C$40,11)=0,"",INDEX(Klassenliste!$C$6:$C$40,11)) | D16: =IF($B16="","",COUNT(F16:AS16)) | E16: =IF($B16="","",SUM(F16:AS16))
A17: 12 | B17: =IF(INDEX(Klassenliste!$B$6:$B$40,12)=0,"",INDEX(Klassenliste!$B$6:$B$40,12)) | C17: =IF(INDEX(Klassenliste!$C$6:$C$40,12)=0,"",INDEX(Klassenliste!$C$6:$C$40,12)) | D17: =IF($B17="","",COUNT(F17:AS17)) | E17: =IF($B17="","",SUM(F17:AS17))
A18: 13 | B18: =IF(INDEX(Klassenliste!$B$6:$B$40,13)=0,"",INDEX(Klassenliste!$B$6:$B$40,13)) | C18: =IF(INDEX(Klassenliste!$C$6:$C$40,13)=0,"",INDEX(Klassenliste!$C$6:$C$40,13)) | D18: =IF($B18="","",COUNT(F18:AS18)) | E18: =IF($B18="","",SUM(F18:AS18))
A19: 14 | B19: =IF(INDEX(Klassenliste!$B$6:$B$40,14)=0,"",INDEX(Klassenliste!$B$6:$B$40,14)) | C19: =IF(INDEX(Klassenliste!$C$6:$C$40,14)=0,"",INDEX(Klassenliste!$C$6:$C$40,14)) | D19: =IF($B19="","",COUNT(F19:AS19)) | E19: =IF($B19="","",SUM(F19:AS19))
A20: 15 | B20: =IF(INDEX(Klassenliste!$B$6:$B$40,15)=0,"",INDEX(Klassenliste!$B$6:$B$40,15)) | C20: =IF(INDEX(Klassenliste!$C$6:$C$40,15)=0,"",INDEX(Klassenliste!$C$6:$C$40,15)) | D20: =IF($B20="","",COUNT(F20:AS20)) | E20: =IF($B20="","",SUM(F20:AS20))
A21: 16 | B21: =IF(INDEX(Klassenliste!$B$6:$B$40,16)=0,"",INDEX(Klassenliste!$B$6:$B$40,16)) | C21: =IF(INDEX(Klassenliste!$C$6:$C$40,16)=0,"",INDEX(Klassenliste!$C$6:$C$40,16)) | D21: =IF($B21="","",COUNT(F21:AS21)) | E21: =IF($B21="","",SUM(F21:AS21))
A22: 17 | B22: =IF(INDEX(Klassenliste!$B$6:$B$40,17)=0,"",INDEX(Klassenliste!$B$6:$B$40,17)) | C22: =IF(INDEX(Klassenliste!$C$6:$C$40,17)=0,"",INDEX(Klassenliste!$C$6:$C$40,17)) | D22: =IF($B22="","",COUNT(F22:AS22)) | E22: =IF($B22="","",SUM(F22:AS22))
A23: 18 | B23: =IF(INDEX(Klassenliste!$B$6:$B$40,18)=0,"",INDEX(Klassenliste!$B$6:$B$40,18)) | C23: =IF(INDEX(Klassenliste!$C$6:$C$40,18)=0,"",INDEX(Klassenliste!$C$6:$C$40,18)) | D23: =IF($B23="","",COUNT(F23:AS23)) | E23: =IF($B23="","",SUM(F23:AS23))
A24: 19 | B24: =IF(INDEX(Klassenliste!$B$6:$B$40,19)=0,"",INDEX(Klassenliste!$B$6:$B$40,19)) | C24: =IF(INDEX(Klassenliste!$C$6:$C$40,19)=0,"",INDEX(Klassenliste!$C$6:$C$40,19)) | D24: =IF($B24="","",COUNT(F24:AS24)) | E24: =IF($B24="","",SUM(F24:AS24))
A25: 20 | B25: =IF(INDEX(Klassenliste!$B$6:$B$40,20)=0,"",INDEX(Klassenliste!$B$6:$B$40,20)) | C25: =IF(INDEX(Klassenliste!$C$6:$C$40,20)=0,"",INDEX(Klassenliste!$C$6:$C$40,20)) | D25: =IF($B25="","",COUNT(F25:AS25)) | E25: =IF($B25="","",SUM(F25:AS25))
A26: 21 | B26: =IF(INDEX(Klassenliste!$B$6:$B$40,21)=0,"",INDEX(Klassenliste!$B$6:$B$40,21)) | C26: =IF(INDEX(Klassenliste!$C$6:$C$40,21)=0,"",INDEX(Klassenliste!$C$6:$C$40,21)) | D26: =IF($B26="","",COUNT(F26:AS26)) | E26: =IF($B26="","",SUM(F26:AS26))
A27: 22 | B27: =IF(INDEX(Klassenliste!$B$6:$B$40,22)=0,"",INDEX(Klassenliste!$B$6:$B$40,22)) | C27: =IF(INDEX(Klassenliste!$C$6:$C$40,22)=0,"",INDEX(Klassenliste!$C$6:$C$40,22)) | D27: =IF($B27="","",COUNT(F27:AS27)) | E27: =IF($B27="","",SUM(F27:AS27))
A28: 23 | B28: =IF(INDEX(Klassenliste!$B$6:$B$40,23)=0,"",INDEX(Klassenliste!$B$6:$B$40,23)) | C28: =IF(INDEX(Klassenliste!$C$6:$C$40,23)=0,"",INDEX(Klassenliste!$C$6:$C$40,23)) | D28: =IF($B28="","",COUNT(F28:AS28)) | E28: =IF($B28="","",SUM(F28:AS28))
A29: 24 | B29: =IF(INDEX(Klassenliste!$B$6:$B$40,24)=0,"",INDEX(Klassenliste!$B$6:$B$40,24)) | C29: =IF(INDEX(Klassenliste!$C$6:$C$40,24)=0,"",INDEX(Klassenliste!$C$6:$C$40,24)) | D29: =IF($B29="","",COUNT(F29:AS29)) | E29: =IF($B29="","",SUM(F29:AS29))
A30: 25 | B30: =IF(INDEX(Klassenliste!$B$6:$B$40,25)=0,"",INDEX(Klassenliste!$B$6:$B$40,25)) | C30: =IF(INDEX(Klassenliste!$C$6:$C$40,25)=0,"",INDEX(Klassenliste!$C$6:$C$40,25)) | D30: =IF($B30="","",COUNT(F30:AS30)) | E30: =IF($B30="","",SUM(F30:AS30))
A31: 26 | B31: =IF(INDEX(Klassenliste!$B$6:$B$40,26)=0,"",INDEX(Klassenliste!$B$6:$B$40,26)) | C31: =IF(INDEX(Klassenliste!$C$6:$C$40,26)=0,"",INDEX(Klassenliste!$C$6:$C$40,26)) | D31: =IF($B31="","",COUNT(F31:AS31)) | E31: =IF($B31="","",SUM(F31:AS31))
A32: 27 | B32: =IF(INDEX(Klassenliste!$B$6:$B$40,27)=0,"",INDEX(Klassenliste!$B$6:$B$40,27)) | C32: =IF(INDEX(Klassenliste!$C$6:$C$40,27)=0,"",INDEX(Klassenliste!$C$6:$C$40,27)) | D32: =IF($B32="","",COUNT(F32:AS32)) | E32: =IF($B32="","",SUM(F32:AS32))
A33: 28 | B33: =IF(INDEX(Klassenliste!$B$6:$B$40,28)=0,"",INDEX(Klassenliste!$B$6:$B$40,28)) | C33: =IF(INDEX(Klassenliste!$C$6:$C$40,28)=0,"",INDEX(Klassenliste!$C$6:$C$40,28)) | D33: =IF($B33="","",COUNT(F33:AS33)) | E33: =IF($B33="","",SUM(F33:AS33))
A34: 29 | B34: =IF(INDEX(Klassenliste!$B$6:$B$40,29)=0,"",INDEX(Klassenliste!$B$6:$B$40,29)) | C34: =IF(INDEX(Klassenliste!$C$6:$C$40,29)=0,"",INDEX(Klassenliste!$C$6:$C$40,29)) | D34: =IF($B34="","",COUNT(F34:AS34)) | E34: =IF($B34="","",SUM(F34:AS34))
A35: 30 | B35: =IF(INDEX(Klassenliste!$B$6:$B$40,30)=0,"",INDEX(Klassenliste!$B$6:$B$40,30)) | C35: =IF(INDEX(Klassenliste!$C$6:$C$40,30)=0,"",INDEX(Klassenliste!$C$6:$C$40,30)) | D35: =IF($B35="","",COUNT(F35:AS35)) | E35: =IF($B35="","",SUM(F35:AS35))
A36: 31 | B36: =IF(INDEX(Klassenliste!$B$6:$B$40,31)=0,"",INDEX(Klassenliste!$B$6:$B$40,31)) | C36: =IF(INDEX(Klassenliste!$C$6:$C$40,31)=0,"",INDEX(Klassenliste!$C$6:$C$40,31)) | D36: =IF($B36="","",COUNT(F36:AS36)) | E36: =IF($B36="","",SUM(F36:AS36))
A37: 32 | B37: =IF(INDEX(Klassenliste!$B$6:$B$40,32)=0,"",INDEX(Klassenliste!$B$6:$B$40,32)) | C37: =IF(INDEX(Klassenliste!$C$6:$C$40,32)=0,"",INDEX(Klassenliste!$C$6:$C$40,32)) | D37: =IF($B37="","",COUNT(F37:AS37)) | E37: =IF($B37="","",SUM(F37:AS37))
A38: 33 | B38: =IF(INDEX(Klassenliste!$B$6:$B$40,33)=0,"",INDEX(Klassenliste!$B$6:$B$40,33)) | C38: =IF(INDEX(Klassenliste!$C$6:$C$40,33)=0,"",INDEX(Klassenliste!$C$6:$C$40,33)) | D38: =IF($B38="","",COUNT(F38:AS38)) | E38: =IF($B38="","",SUM(F38:AS38))
A39: 34 | B39: =IF(INDEX(Klassenliste!$B$6:$B$40,34)=0,"",INDEX(Klassenliste!$B$6:$B$40,34)) | C39: =IF(INDEX(Klassenliste!$C$6:$C$40,34)=0,"",INDEX(Klassenliste!$C$6:$C$40,34)) | D39: =IF($B39="","",COUNT(F39:AS39)) | E39: =IF($B39="","",SUM(F39:AS39))
A40: 35 | B40: =IF(INDEX(Klassenliste!$B$6:$B$40,35)=0,"",INDEX(Klassenliste!$B$6:$B$40,35)) | C40: =IF(INDEX(Klassenliste!$C$6:$C$40,35)=0,"",INDEX(Klassenliste!$C$6:$C$40,35)) | D40: =IF($B40="","",COUNT(F40:AS40)) | E40: =IF($B40="","",SUM(F40:AS40))

Sheet KA1
A1: Klausur 1 | S1: =HYPERLINK("#Start!A1","⌂")
B2: Thema: | I2: Datum: | L2: =Klassenliste!$E$2&" · "&Klassenliste!$J$2&" · "&Klassenliste!$H$2&""
C3: Aufgabe | D3: A1 | E3: A2 | F3: A3 | G3: A4 | H3: A5 | I3: A6 | J3: A7 | K3: A8 | L3: A9 | M3: A10 | N3: A11 | O3: A12 | P3: Ges.
C4: max. Punkte | P4: =IF(COUNT(D4:O4)=0,"",SUM(D4:O4))
C5: Schnitt | D5: =IF(D$4="","",IFERROR(ROUND(AVERAGE(D8:D42),2),"")) | E5: =IF(E$4="","",IFERROR(ROUND(AVERAGE(E8:E42),2),"")) | F5: =IF(F$4="","",IFERROR(ROUND(AVERAGE(F8:F42),2),"")) | G5: =IF(G$4="","",IFERROR(ROUND(AVERAGE(G8:G42),2),"")) | H5: =IF(H$4="","",IFERROR(ROUND(AVERAGE(H8:H42),2),"")) | I5: =IF(I$4="","",IFERROR(ROUND(AVERAGE(I8:I42),2),"")) | J5: =IF(J$4="","",IFERROR(ROUND(AVERAGE(J8:J42),2),"")) | K5: =IF(K$4="","",IFERROR(ROUND(AVERAGE(K8:K42),2),"")) | ... O5: =IF(O$4="","",IFERROR(ROUND(AVERAGE(O8:O42),2),"")) | P5: =IFERROR(ROUND(AVERAGE(P8:P42),2),"")
C6: Schnitt % | D6: =IF(D$4="","",IFERROR(D5/D$4,"")) | E6: =IF(E$4="","",IFERROR(E5/E$4,"")) | F6: =IF(F$4="","",IFERROR(F5/F$4,"")) | G6: =IF(G$4="","",IFERROR(G5/G$4,"")) | H6: =IF(H$4="","",IFERROR(H5/H$4,"")) | I6: =IF(I$4="","",IFERROR(I5/I$4,"")) | J6: =IF(J$4="","",IFERROR(J5/J$4,"")) | K6: =IF(K$4="","",IFERROR(K5/K$4,"")) | ... O6: =IF(O$4="","",IFERROR(O5/O$4,"")) | P6: =IFERROR(P5/P4,"")
A7: Nr | B7: Name | C7: Vorname | P7: Ges. | Q7: % | R7: Punkte | S7: Note | T7: Lob / Hinweis
A8: 1 | B8: =IF(INDEX(Klassenliste!$B$6:$B$40,1)=0,"",INDEX(Klassenliste!$B$6:$B$40,1)) | C8: =IF(INDEX(Klassenliste!$C$6:$C$40,1)=0,"",INDEX(Klassenliste!$C$6:$C$40,1)) | P8: =IF(COUNT(D8:O8)=0,"",SUM(D8:O8)) | Q8: =IF(P8="","",P8/$P$4) | R8: =IF(Q8="","",LOOKUP(ROUND(Q8,6),Notentabelle!$C$4:$C$19,Notentabelle!$A$4:$A$19)) | S8: =IF(R8="","",INDEX(Notentabelle!$B$4:$B$19,R8+1))
A9: 2 | B9: =IF(INDEX(Klassenliste!$B$6:$B$40,2)=0,"",INDEX(Klassenliste!$B$6:$B$40,2)) | C9: =IF(INDEX(Klassenliste!$C$6:$C$40,2)=0,"",INDEX(Klassenliste!$C$6:$C$40,2)) | P9: =IF(COUNT(D9:O9)=0,"",SUM(D9:O9)) | Q9: =IF(P9="","",P9/$P$4) | R9: =IF(Q9="","",LOOKUP(ROUND(Q9,6),Notentabelle!$C$4:$C$19,Notentabelle!$A$4:$A$19)) | S9: =IF(R9="","",INDEX(Notentabelle!$B$4:$B$19,R9+1))
A10: 3 | B10: =IF(INDEX(Klassenliste!$B$6:$B$40,3)=0,"",INDEX(Klassenliste!$B$6:$B$40,3)) | C10: =IF(INDEX(Klassenliste!$C$6:$C$40,3)=0,"",INDEX(Klassenliste!$C$6:$C$40,3)) | P10: =IF(COUNT(D10:O10)=0,"",SUM(D10:O10)) | Q10: =IF(P10="","",P10/$P$4) | R10: =IF(Q10="","",LOOKUP(ROUND(Q10,6),Notentabelle!$C$4:$C$19,Notentabelle!$A$4:$A$19)) | S10: =IF(R10="","",INDEX(Notentabelle!$B$4:$B$19,R10+1))
A11: 4 | B11: =IF(INDEX(Klassenliste!$B$6:$B$40,4)=0,"",INDEX(Klassenliste!$B$6:$B$40,4)) | C11: =IF(INDEX(Klassenliste!$C$6:$C$40,4)=0,"",INDEX(Klassenliste!$C$6:$C$40,4)) | P11: =IF(COUNT(D11:O11)=0,"",SUM(D11:O11)) | Q11: =IF(P11="","",P11/$P$4) | R11: =IF(Q11="","",LOOKUP(ROUND(Q11,6),Notentabelle!$C$4:$C$19,Notentabelle!$A$4:$A$19)) | S11: =IF(R11="","",INDEX(Notentabelle!$B$4:$B$19,R11+1))
A12: 5 | B12: =IF(INDEX(Klassenliste!$B$6:$B$40,5)=0,"",INDEX(Klassenliste!$B$6:$B$40,5)) | C12: =IF(INDEX(Klassenliste!$C$6:$C$40,5)=0,"",INDEX(Klassenliste!$C$6:$C$40,5)) | P12: =IF(COUNT(D12:O12)=0,"",SUM(D12:O12)) | Q12: =IF(P12="","",P12/$P$4) | R12: =IF(Q12="","",LOOKUP(ROUND(Q12,6),Notentabelle!$C$4:$C$19,Notentabelle!$A$4:$A$19)) | S12: =IF(R12="","",INDEX(Notentabelle!$B$4:$B$19,R12+1))
A13: 6 | B13: =IF(INDEX(Klassenliste!$B$6:$B$40,6)=0,"",INDEX(Klassenliste!$B$6:$B$40,6)) | C13: =IF(INDEX(Klassenliste!$C$6:$C$40,6)=0,"",INDEX(Klassenliste!$C$6:$C$40,6)) | P13: =IF(COUNT(D13:O13)=0,"",SUM(D13:O13)) | Q13: =IF(P13="","",P13/$P$4) | R13: =IF(Q13="","",LOOKUP(ROUND(Q13,6),Notentabelle!$C$4:$C$19,Notentabelle!$A$4:$A$19)) | S13: =IF(R13="","",INDEX(Notentabelle!$B$4:$B$19,R13+1))
A14: 7 | B14: =IF(INDEX(Klassenliste!$B$6:$B$40,7)=0,"",INDEX(Klassenliste!$B$6:$B$40,7)) | C14: =IF(INDEX(Klassenliste!$C$6:$C$40,7)=0,"",INDEX(Klassenliste!$C$6:$C$40,7)) | P14: =IF(COUNT(D14:O14)=0,"",SUM(D14:O14)) | Q14: =IF(P14="","",P14/$P$4) | R14: =IF(Q14="","",LOOKUP(ROUND(Q14,6),Notentabelle!$C$4:$C$19,Notentabelle!$A$4:$A$19)) | S14: =IF(R14="","",INDEX(Notentabelle!$B$4:$B$19,R14+1))
A15: 8 | B15: =IF(INDEX(Klassenliste!$B$6:$B$40,8)=0,"",INDEX(Klassenliste!$B$6:$B$40,8)) | C15: =IF(INDEX(Klassenliste!$C$6:$C$40,8)=0,"",INDEX(Klassenliste!$C$6:$C$40,8)) | P15: =IF(COUNT(D15:O15)=0,"",SUM(D15:O15)) | Q15: =IF(P15="","",P15/$P$4) | R15: =IF(Q15="","",LOOKUP(ROUND(Q15,6),Notentabelle!$C$4:$C$19,Notentabelle!$A$4:$A$19)) | S15: =IF(R15="","",INDEX(Notentabelle!$B$4:$B$19,R15+1))
A16: 9 | B16: =IF(INDEX(Klassenliste!$B$6:$B$40,9)=0,"",INDEX(Klassenliste!$B$6:$B$40,9)) | C16: =IF(INDEX(Klassenliste!$C$6:$C$40,9)=0,"",INDEX(Klassenliste!$C$6:$C$40,9)) | P16: =IF(COUNT(D16:O16)=0,"",SUM(D16:O16)) | Q16: =IF(P16="","",P16/$P$4) | R16: =IF(Q16="","",LOOKUP(ROUND(Q16,6),Notentabelle!$C$4:$C$19,Notentabelle!$A$4:$A$19)) | S16: =IF(R16="","",INDEX(Notentabelle!$B$4:$B$19,R16+1))
A17: 10 | B17: =IF(INDEX(Klassenliste!$B$6:$B$40,10)=0,"",INDEX(Klassenliste!$B$6:$B$40,10)) | C17: =IF(INDEX(Klassenliste!$C$6:$C$40,10)=0,"",INDEX(Klassenliste!$C$6:$C$40,10)) | P17: =IF(COUNT(D17:O17)=0,"",SUM(D17:O17)) | Q17: =IF(P17="","",P17/$P$4) | R17: =IF(Q17="","",LOOKUP(ROUND(Q17,6),Notentabelle!$C$4:$C$19,Notentabelle!$A$4:$A$19)) | S17: =IF(R17="","",INDEX(Notentabelle!$B$4:$B$19,R17+1))
A18: 11 | B18: =IF(INDEX(Klassenliste!$B$6:$B$40,11)=0,"",INDEX(Klassenliste!$B$6:$B$40,11)) | C18: =IF(INDEX(Klassenliste!$C$6:$C$40,11)=0,"",INDEX(Klassenliste!$C$6:$C$40,11)) | P18: =IF(COUNT(D18:O18)=0,"",SUM(D18:O18)) | Q18: =IF(P18="","",P18/$P$4) | R18: =IF(Q18="","",LOOKUP(ROUND(Q18,6),Notentabelle!$C$4:$C$19,Notentabelle!$A$4:$A$19)) | S18: =IF(R18="","",INDEX(Notentabelle!$B$4:$B$19,R18+1))
A19: 12 | B19: =IF(INDEX(Klassenliste!$B$6:$B$40,12)=0,"",INDEX(Klassenliste!$B$6:$B$40,12)) | C19: =IF(INDEX(Klassenliste!$C$6:$C$40,12)=0,"",INDEX(Klassenliste!$C$6:$C$40,12)) | P19: =IF(COUNT(D19:O19)=0,"",SUM(D19:O19)) | Q19: =IF(P19="","",P19/$P$4) | R19: =IF(Q19="","",LOOKUP(ROUND(Q19,6),Notentabelle!$C$4:$C$19,Notentabelle!$A$4:$A$19)) | S19: =IF(R19="","",INDEX(Notentabelle!$B$4:$B$19,R19+1))
A20: 13 | B20: =IF(INDEX(Klassenliste!$B$6:$B$40,13)=0,"",INDEX(Klassenliste!$B$6:$B$40,13)) | C20: =IF(INDEX(Klassenliste!$C$6:$C$40,13)=0,"",INDEX(Klassenliste!$C$6:$C$40,13)) | P20: =IF(COUNT(D20:O20)=0,"",SUM(D20:O20)) | Q20: =IF(P20="","",P20/$P$4) | R20: =IF(Q20="","",LOOKUP(ROUND(Q20,6),Notentabelle!$C$4:$C$19,Notentabelle!$A$4:$A$19)) | S20: =IF(R20="","",INDEX(Notentabelle!$B$4:$B$19,R20+1))
A21: 14 | B21: =IF(INDEX(Klassenliste!$B$6:$B$40,14)=0,"",INDEX(Klassenliste!$B$6:$B$40,14)) | C21: =IF(INDEX(Klassenliste!$C$6:$C$40,14)=0,"",INDEX(Klassenliste!$C$6:$C$40,14)) | P21: =IF(COUNT(D21:O21)=0,"",SUM(D21:O21)) | Q21: =IF(P21="","",P21/$P$4) | R21: =IF(Q21="","",LOOKUP(ROUND(Q21,6),Notentabelle!$C$4:$C$19,Notentabelle!$A$4:$A$19)) | S21: =IF(R21="","",INDEX(Notentabelle!$B$4:$B$19,R21+1))
A22: 15 | B22: =IF(INDEX(Klassenliste!$B$6:$B$40,15)=0,"",INDEX(Klassenliste!$B$6:$B$40,15)) | C22: =IF(INDEX(Klassenliste!$C$6:$C$40,15)=0,"",INDEX(Klassenliste!$C$6:$C$40,15)) | P22: =IF(COUNT(D22:O22)=0,"",SUM(D22:O22)) | Q22: =IF(P22="","",P22/$P$4) | R22: =IF(Q22="","",LOOKUP(ROUND(Q22,6),Notentabelle!$C$4:$C$19,Notentabelle!$A$4:$A$19)) | S22: =IF(R22="","",INDEX(Notentabelle!$B$4:$B$19,R22+1))
A23: 16 | B23: =IF(INDEX(Klassenliste!$B$6:$B$40,16)=0,"",INDEX(Klassenliste!$B$6:$B$40,16)) | C23: =IF(INDEX(Klassenliste!$C$6:$C$40,16)=0,"",INDEX(Klassenliste!$C$6:$C$40,16)) | P23: =IF(COUNT(D23:O23)=0,"",SUM(D23:O23)) | Q23: =IF(P23="","",P23/$P$4) | R23: =IF(Q23="","",LOOKUP(ROUND(Q23,6),Notentabelle!$C$4:$C$19,Notentabelle!$A$4:$A$19)) | S23: =IF(R23="","",INDEX(Notentabelle!$B$4:$B$19,R23+1))
A24: 17 | B24: =IF(INDEX(Klassenliste!$B$6:$B$40,17)=0,"",INDEX(Klassenliste!$B$6:$B$40,17)) | C24: =IF(INDEX(Klassenliste!$C$6:$C$40,17)=0,"",INDEX(Klassenliste!$C$6:$C$40,17)) | P24: =IF(COUNT(D24:O24)=0,"",SUM(D24:O24)) | Q24: =IF(P24="","",P24/$P$4) | R24: =IF(Q24="","",LOOKUP(ROUND(Q24,6),Notentabelle!$C$4:$C$19,Notentabelle!$A$4:$A$19)) | S24: =IF(R24="","",INDEX(Notentabelle!$B$4:$B$19,R24+1))
A25: 18 | B25: =IF(INDEX(Klassenliste!$B$6:$B$40,18)=0,"",INDEX(Klassenliste!$B$6:$B$40,18)) | C25: =IF(INDEX(Klassenliste!$C$6:$C$40,18)=0,"",INDEX(Klassenliste!$C$6:$C$40,18)) | P25: =IF(COUNT(D25:O25)=0,"",SUM(D25:O25)) | Q25: =IF(P25="","",P25/$P$4) | R25: =IF(Q25="","",LOOKUP(ROUND(Q25,6),Notentabelle!$C$4:$C$19,Notentabelle!$A$4:$A$19)) | S25: =IF(R25="","",INDEX(Notentabelle!$B$4:$B$19,R25+1))
A26: 19 | B26: =IF(INDEX(Klassenliste!$B$6:$B$40,19)=0,"",INDEX(Klassenliste!$B$6:$B$40,19)) | C26: =IF(INDEX(Klassenliste!$C$6:$C$40,19)=0,"",INDEX(Klassenliste!$C$6:$C$40,19)) | P26: =IF(COUNT(D26:O26)=0,"",SUM(D26:O26)) | Q26: =IF(P26="","",P26/$P$4) | R26: =IF(Q26="","",LOOKUP(ROUND(Q26,6),Notentabelle!$C$4:$C$19,Notentabelle!$A$4:$A$19)) | S26: =IF(R26="","",INDEX(Notentabelle!$B$4:$B$19,R26+1))
A27: 20 | B27: =IF(INDEX(Klassenliste!$B$6:$B$40,20)=0,"",INDEX(Klassenliste!$B$6:$B$40,20)) | C27: =IF(INDEX(Klassenliste!$C$6:$C$40,20)=0,"",INDEX(Klassenliste!$C$6:$C$40,20)) | P27: =IF(COUNT(D27:O27)=0,"",SUM(D27:O27)) | Q27: =IF(P27="","",P27/$P$4) | R27: =IF(Q27="","",LOOKUP(ROUND(Q27,6),Notentabelle!$C$4:$C$19,Notentabelle!$A$4:$A$19)) | S27: =IF(R27="","",INDEX(Notentabelle!$B$4:$B$19,R27+1))
A28: 21 | B28: =IF(INDEX(Klassenliste!$B$6:$B$40,21)=0,"",INDEX(Klassenliste!$B$6:$B$40,21)) | C28: =IF(INDEX(Klassenliste!$C$6:$C$40,21)=0,"",INDEX(Klassenliste!$C$6:$C$40,21)) | P28: =IF(COUNT(D28:O28)=0,"",SUM(D28:O28)) | Q28: =IF(P28="","",P28/$P$4) | R28: =IF(Q28="","",LOOKUP(ROUND(Q28,6),Notentabelle!$C$4:$C$19,Notentabelle!$A$4:$A$19)) | S28: =IF(R28="","",INDEX(Notentabelle!$B$4:$B$19,R28+1))
A29: 22 | B29: =IF(INDEX(Klassenliste!$B$6:$B$40,22)=0,"",INDEX(Klassenliste!$B$6:$B$40,22)) | C29: =IF(INDEX(Klassenliste!$C$6:$C$40,22)=0,"",INDEX(Klassenliste!$C$6:$C$40,22)) | P29: =IF(COUNT(D29:O29)=0,"",SUM(D29:O29)) | Q29: =IF(P29="","",P29/$P$4) | R29: =IF(Q29="","",LOOKUP(ROUND(Q29,6),Notentabelle!$C$4:$C$19,Notentabelle!$A$4:$A$19)) | S29: =IF(R29="","",INDEX(Notentabelle!$B$4:$B$19,R29+1))
A30: 23 | B30: =IF(INDEX(Klassenliste!$B$6:$B$40,23)=0,"",INDEX(Klassenliste!$B$6:$B$40,23)) | C30: =IF(INDEX(Klassenliste!$C$6:$C$40,23)=0,"",INDEX(Klassenliste!$C$6:$C$40,23)) | P30: =IF(COUNT(D30:O30)=0,"",SUM(D30:O30)) | Q30: =IF(P30="","",P30/$P$4) | R30: =IF(Q30="","",LOOKUP(ROUND(Q30,6),Notentabelle!$C$4:$C$19,Notentabelle!$A$4:$A$19)) | S30: =IF(R30="","",INDEX(Notentabelle!$B$4:$B$19,R30+1))
A31: 24 | B31: =IF(INDEX(Klassenliste!$B$6:$B$40,24)=0,"",INDEX(Klassenliste!$B$6:$B$40,24)) | C31: =IF(INDEX(Klassenliste!$C$6:$C$40,24)=0,"",INDEX(Klassenliste!$C$6:$C$40,24)) | P31: =IF(COUNT(D31:O31)=0,"",SUM(D31:O31)) | Q31: =IF(P31="","",P31/$P$4) | R31: =IF(Q31="","",LOOKUP(ROUND(Q31,6),Notentabelle!$C$4:$C$19,Notentabelle!$A$4:$A$19)) | S31: =IF(R31="","",INDEX(Notentabelle!$B$4:$B$19,R31+1))
A32: 25 | B32: =IF(INDEX(Klassenliste!$B$6:$B$40,25)=0,"",INDEX(Klassenliste!$B$6:$B$40,25)) | C32: =IF(INDEX(Klassenliste!$C$6:$C$40,25)=0,"",INDEX(Klassenliste!$C$6:$C$40,25)) | P32: =IF(COUNT(D32:O32)=0,"",SUM(D32:O32)) | Q32: =IF(P32="","",P32/$P$4) | R32: =IF(Q32="","",LOOKUP(ROUND(Q32,6),Notentabelle!$C$4:$C$19,Notentabelle!$A$4:$A$19)) | S32: =IF(R32="","",INDEX(Notentabelle!$B$4:$B$19,R32+1))
A33: 26 | B33: =IF(INDEX(Klassenliste!$B$6:$B$40,26)=0,"",INDEX(Klassenliste!$B$6:$B$40,26)) | C33: =IF(INDEX(Klassenliste!$C$6:$C$40,26)=0,"",INDEX(Klassenliste!$C$6:$C$40,26)) | P33: =IF(COUNT(D33:O33)=0,"",SUM(D33:O33)) | Q33: =IF(P33="","",P33/$P$4) | R33: =IF(Q33="","",LOOKUP(ROUND(Q33,6),Notentabelle!$C$4:$C$19,Notentabelle!$A$4:$A$19)) | S33: =IF(R33="","",INDEX(Notentabelle!$B$4:$B$19,R33+1))
A34: 27 | B34: =IF(INDEX(Klassenliste!$B$6:$B$40,27)=0,"",INDEX(Klassenliste!$B$6:$B$40,27)) | C34: =IF(INDEX(Klassenliste!$C$6:$C$40,27)=0,"",INDEX(Klassenliste!$C$6:$C$40,27)) | P34: =IF(COUNT(D34:O34)=0,"",SUM(D34:O34)) | Q34: =IF(P34="","",P34/$P$4) | R34: =IF(Q34="","",LOOKUP(ROUND(Q34,6),Notentabelle!$C$4:$C$19,Notentabelle!$A$4:$A$19)) | S34: =IF(R34="","",INDEX(Notentabelle!$B$4:$B$19,R34+1))
A35: 28 | B35: =IF(INDEX(Klassenliste!$B$6:$B$40,28)=0,"",INDEX(Klassenliste!$B$6:$B$40,28)) | C35: =IF(INDEX(Klassenliste!$C$6:$C$40,28)=0,"",INDEX(Klassenliste!$C$6:$C$40,28)) | P35: =IF(COUNT(D35:O35)=0,"",SUM(D35:O35)) | Q35: =IF(P35="","",P35/$P$4) | R35: =IF(Q35="","",LOOKUP(ROUND(Q35,6),Notentabelle!$C$4:$C$19,Notentabelle!$A$4:$A$19)) | S35: =IF(R35="","",INDEX(Notentabelle!$B$4:$B$19,R35+1))
A36: 29 | B36: =IF(INDEX(Klassenliste!$B$6:$B$40,29)=0,"",INDEX(Klassenliste!$B$6:$B$40,29)) | C36: =IF(INDEX(Klassenliste!$C$6:$C$40,29)=0,"",INDEX(Klassenliste!$C$6:$C$40,29)) | P36: =IF(COUNT(D36:O36)=0,"",SUM(D36:O36)) | Q36: =IF(P36="","",P36/$P$4) | R36: =IF(Q36="","",LOOKUP(ROUND(Q36,6),Notentabelle!$C$4:$C$19,Notentabelle!$A$4:$A$19)) | S36: =IF(R36="","",INDEX(Notentabelle!$B$4:$B$19,R36+1))
A37: 30 | B37: =IF(INDEX(Klassenliste!$B$6:$B$40,30)=0,"",INDEX(Klassenliste!$B$6:$B$40,30)) | C37: =IF(INDEX(Klassenliste!$C$6:$C$40,30)=0,"",INDEX(Klassenliste!$C$6:$C$40,30)) | P37: =IF(COUNT(D37:O37)=0,"",SUM(D37:O37)) | Q37: =IF(P37="","",P37/$P$4) | R37: =IF(Q37="","",LOOKUP(ROUND(Q37,6),Notentabelle!$C$4:$C$19,Notentabelle!$A$4:$A$19)) | S37: =IF(R37="","",INDEX(Notentabelle!$B$4:$B$19,R37+1))
A38: 31 | B38: =IF(INDEX(Klassenliste!$B$6:$B$40,31)=0,"",INDEX(Klassenliste!$B$6:$B$40,31)) | C38: =IF(INDEX(Klassenliste!$C$6:$C$40,31)=0,"",INDEX(Klassenliste!$C$6:$C$40,31)) | P38: =IF(COUNT(D38:O38)=0,"",SUM(D38:O38)) | Q38: =IF(P38="","",P38/$P$4) | R38: =IF(Q38="","",LOOKUP(ROUND(Q38,6),Notentabelle!$C$4:$C$19,Notentabelle!$A$4:$A$19)) | S38: =IF(R38="","",INDEX(Notentabelle!$B$4:$B$19,R38+1))
A39: 32 | B39: =IF(INDEX(Klassenliste!$B$6:$B$40,32)=0,"",INDEX(Klassenliste!$B$6:$B$40,32)) | C39: =IF(INDEX(Klassenliste!$C$6:$C$40,32)=0,"",INDEX(Klassenliste!$C$6:$C$40,32)) | P39: =IF(COUNT(D39:O39)=0,"",SUM(D39:O39)) | Q39: =IF(P39="","",P39/$P$4) | R39: =IF(Q39="","",LOOKUP(ROUND(Q39,6),Notentabelle!$C$4:$C$19,Notentabelle!$A$4:$A$19)) | S39: =IF(R39="","",INDEX(Notentabelle!$B$4:$B$19,R39+1))
A40: 33 | B40: =IF(INDEX(Klassenliste!$B$6:$B$40,33)=0,"",INDEX(Klassenliste!$B$6:$B$40,33)) | C40: =IF(INDEX(Klassenliste!$C$6:$C$40,33)=0,"",INDEX(Klassenliste!$C$6:$C$40,33)) | P40: =IF(COUNT(D40:O40)=0,"",SUM(D40:O40)) | Q40: =IF(P40="","",P40/$P$4) | R40: =IF(Q40="","",LOOKUP(ROUND(Q40,6),Notentabelle!$C$4:$C$19,Notentabelle!$A$4:$A$19)) | S40: =IF(R40="","",INDEX(Notentabelle!$B$4:$B$19,R40+1))
A41: 34 | B41: =IF(INDEX(Klassenliste!$B$6:$B$40,34)=0,"",INDEX(Klassenliste!$B$6:$B$40,34)) | C41: =IF(INDEX(Klassenliste!$C$6:$C$40,34)=0,"",INDEX(Klassenliste!$C$6:$C$40,34)) | P41: =IF(COUNT(D41:O41)=0,"",SUM(D41:O41)) | Q41: =IF(P41="","",P41/$P$4) | R41: =IF(Q41="","",LOOKUP(ROUND(Q41,6),Notentabelle!$C$4:$C$19,Notentabelle!$A$4:$A$19)) | S41: =IF(R41="","",INDEX(Notentabelle!$B$4:$B$19,R41+1))
A42: 35 | B42: =IF(INDEX(Klassenliste!$B$6:$B$40,35)=0,"",INDEX(Klassenliste!$B$6:$B$40,35)) | C42: =IF(INDEX(Klassenliste!$C$6:$C$40,35)=0,"",INDEX(Klassenliste!$C$6:$C$40,35)) | P42: =IF(COUNT(D42:O42)=0,"",SUM(D42:O42)) | Q42: =IF(P42="","",P42/$P$4) | R42: =IF(Q42="","",LOOKUP(ROUND(Q42,6),Notentabelle!$C$4:$C$19,Notentabelle!$A$4:$A$19)) | S42: =IF(R42="","",INDEX(Notentabelle!$B$4:$B$19,R42+1))
B45: Notenspiegel | D45: 15 | E45: 14 | F45: 13 | G45: 12 | H45: 11 | I45: 10 | J45: 9 | K45: 8 | L45: 7 | M45: 6 | N45: 5 | O45: 4 | P45: 3 | Q45: 2 | R45: 1 | S45: 0
D46: =COUNTIF($R$8:$R$42,15) | E46: =COUNTIF($R$8:$R$42,14) | F46: =COUNTIF($R$8:$R$42,13) | G46: =COUNTIF($R$8:$R$42,12) | H46: =COUNTIF($R$8:$R$42,11) | I46: =COUNTIF($R$8:$R$42,10) | J46: =COUNTIF($R$8:$R$42,9) | K46: =COUNTIF($R$8:$R$42,8) | L46: =COUNTIF($R$8:$R$42,7) | M46: =COUNTIF($R$8:$R$42,6) | N46: =COUNTIF($R$8:$R$42,5) | O46: =COUNTIF($R$8:$R$42,4) | P46: =COUNTIF($R$8:$R$42,3) | Q46: =COUNTIF($R$8:$R$42,2) | R46: =COUNTIF($R$8:$R$42,1) | S46: =COUNTIF($R$8:$R$42,0)
D47: Defizite (unter 5 P): | G47: =COUNTIF($R$8:$R$42,"<5") | I47: Ø Punkte: | K47: =IFERROR(ROUND(AVERAGE(R8:R42),1),"")
B48: nach Noten | D48: Note 1 | E48: Note 2 | F48: Note 3 | G48: Note 4 | H48: Note 5 | I48: Note 6
D49: =COUNTIF($R$8:$R$42,">=13") | E49: =COUNTIFS($R$8:$R$42,">=10",$R$8:$R$42,"<=12") | F49: =COUNTIFS($R$8:$R$42,">=7",$R$8:$R$42,"<=9") | G49: =COUNTIFS($R$8:$R$42,">=4",$R$8:$R$42,"<=6") | H49: =COUNTIFS($R$8:$R$42,">=1",$R$8:$R$42,"<=3") | I49: =COUNTIF($R$8:$R$42,0)

Sheet KA2
A1: Klausur 2 | S1: =HYPERLINK("#Start!A1","⌂")
B2: Thema: | I2: Datum: | L2: =Klassenliste!$E$2&" · "&Klassenliste!$J$2&" · "&Klassenliste!$H$2&""
C3: Aufgabe | D3: A1 | E3: A2 | F3: A3 | G3: A4 | H3: A5 | I3: A6 | J3: A7 | K3: A8 | L3: A9 | M3: A10 | N3: A11 | O3: A12 | P3: Ges.
C4: max. Punkte | P4: =IF(COUNT(D4:O4)=0,"",SUM(D4:O4))
C5: Schnitt | D5: =IF(D$4="","",IFERROR(ROUND(AVERAGE(D8:D42),2),"")) | E5: =IF(E$4="","",IFERROR(ROUND(AVERAGE(E8:E42),2),"")) | F5: =IF(F$4="","",IFERROR(ROUND(AVERAGE(F8:F42),2),"")) | G5: =IF(G$4="","",IFERROR(ROUND(AVERAGE(G8:G42),2),"")) | H5: =IF(H$4="","",IFERROR(ROUND(AVERAGE(H8:H42),2),"")) | I5: =IF(I$4="","",IFERROR(ROUND(AVERAGE(I8:I42),2),"")) | J5: =IF(J$4="","",IFERROR(ROUND(AVERAGE(J8:J42),2),"")) | K5: =IF(K$4="","",IFERROR(ROUND(AVERAGE(K8:K42),2),"")) | ... O5: =IF(O$4="","",IFERROR(ROUND(AVERAGE(O8:O42),2),"")) | P5: =IFERROR(ROUND(AVERAGE(P8:P42),2),"")
